102KP-HG_04499	MGRYKGSFLGLAWSLFNPILMLTVYTFVFSVIFKSRWGSSPDTGHADFAIILFTGLIIFNLFAECINRSTSLITSNVNFVKKVVFPIEILPIVNLLAALFHASISLIVLFIAILVFKHQLHFTVLLLPVITIPLMLSILGLSWILASLGVFVRDMPQTISIIVTILMFLSPVFYPLSALPVVFQKIVMLNPLAFMIEEARKVVYWGIEPNWTMLAINMLIGLVICAAGFLFFQKTKKGFADVI
1210_01773	MKYNLGYLFDLLVVITNKDLKVRYKSSMLGYLWSVANPLLFAMIYYFIFKLVMRVQIPNYTVFLITGLFPWQWFASSATNSLFSFIANAQIIKKTVFPRSVIPLSNVMMEGLHFLCTIPVIVVFLFVYGMTPSLSWVWGIPLIAIGQVIFTFGVSIIFSTLNLFFRDLERFVSLGIMLMFYCTPILYASDMIPEKFSWIITYNPLASMILSWRDLFMNGTLNYEYISILYFTGIILTVVGLSIFNKLKYRFAEIL
132_04756	MKYNLGYLFDLLVVITNKDLKVRYKSSMLGYLWSVANPLLFAMIYYFIFKLVMRVQIPNYTVFLITGLFPWQWFASSATNSLFSFIANAQIIKKTVFPRSVIPLSNVMMEGLHFLCTIPVIVVFLFVYGMTPSLSWVWGIPLIAIGQVIFTFGVSIIFSTLNLFFRDLERFVSLGIMLMFYCTPILYASDMIPEKFSWIITYNPLASMILSWRDLFMNGTLNYEYISILYFTGIILTVVGLSIFNKLKYRFAEIL
1446_02258	MKYNLGYLFDLLVVITNKDLKVRYKSSMLGYLWSVANPLLFAMIYYFIFKLVMRVQIPNYTVFLITGLFPWQWFASSATNSLFSFIANAQIIKKTVFPRSVIPLSNVMMEGLHFLCTIPVIVVFLFVYGMTPSLSWVWGIPLIAIGQVIFTFGVSIIFSTLNLFFRDLERFVSLGIMLMFYCTPILYASDMIPEKFSWIITYNPLASMILSWRDLFMNGTLNYEYISILYFTGIILTVVGLSIFNKLKYRFAEIL
1468_04047	MKYNLGYLFDLLVVITNKDLKVRYKSSMLGYLWSVANPLLFAMIYYFIFKLVMRVQIPNYTVFLITGLFPWQWFASSATNSLFSFIANAQIIKKTVFPRSVIPLSNVMMEGLHFLCTIPVIVVFLFVYGMTPSLSWVWGIPLIAIGQVIFTFGVSIIFSTLNLFFRDLERFVSLGIMLMFYCTPILYASDMIPEKFSWIITYNPLASMILSWRDLFMNGTLNYEYISILYFTGIILTVVGLSIFNKLKYRFAEIL
156KP-HG_00046	MFSAIYRYRGFIIDSVKRDFQSRYQTSFLGAAWLILQPIAMISVYTLIFSELMRARLAGMDGPFAYSIYLCSGVLTWGLFTETLNSLVNVFLTNANILKKLSFPRICLPIIVTASAFINFLIIFGLFVLFLIVTGNFPGMIFFEIIPVLIVQMLFTLGLGIILGVLNVFVRDVGQFVNILLQFWFWFTPIVYVSKTLPEWVSGLLAYNPMATIIGSYQNVMLYHQSPNWLALLPVTVLSVILFLFAWRLFKKHAADIVDEI
1572_03734	MKYNLGYLFDLLVVITNKDLKVRYKSSMLGYLWSVANPLLFAMIYYFIFKLVMRVQIPNYTVFLITGLFPWQWFASSATNSLFSFIANAQIIKKTVFPRSVIPLSNVMMEGLHFLCTIPVIVVFLFVYGMTPSLSWVWGIPLIAIGQVIFTFGVSIIFSTLNLFFRDLERFVSLGIMLMFYCTPILYASDMIPEKFSWIITYNPLASMILSWRDLFMNGTLNYEYISILYFTGIILTVVGLSIFNKLKYRFAEIL
159KP-HG_02919	MKYNLGYLFDLLVVITNKDLKVRYKSSMLGYLWSVANPLLFAMIYYFIFKLVMRVQIPNYTVFLITGLFPWQWFASSATNSLFSFIANAQIIKKTVFPRSVIPLSNVMMEGLHFLCTIPVIVVFLFVYGMTPSLSWVWGIPLIAIGQVIFTFGVSIIFSTLNLFFRDLERFVSLGIMLMFYCTPILYASDMIPEKFSWIITYNPLASMILSWRDLFMNGTLNYEYISILYFTGIILTVVGLSIFNKLKYRFAEIL
191KP-HG_03439	MKYNLGYLFDLLVVITNKDLKVRYKSSMLGYLWSVANPLLFAMIYYFIFKLVMRVQIPNYTVFLITGLFPWQWFASSATNSLFSFIANAQIIKKTVFPRSVIPLSNVMMEGLHFLCTIPVIVVFLFVYGMTPSLSWVWGIPLIAIGQVIFTFGVSIIFSTLNLFFRDLERFVSLGIMLMFYCTPILYASDMIPEKFSWIITYNPLASMILSWRDLFMNGTLNYEYISILYFTGIILTVVGLSIFNKLKYRFAEIL
205KP-HG_01150	MRDLLTTIYRYRGFIWSSVKRDFQARYQTSMLGALWLVLQPLSMILVYTLVFSEVMKARMPDNTGPFAYSIYLCSGVLTWGLFTEMLDKGQSVFINNANLIKKLSFPKICLPIIVTLSAVLNFAIIFSLFLIFIIVTGNFPGWLFLSVIPVLLLQILFAGGLGMILGVMNVFFRDVGQLVGVALQFWFWFTPIVYVLNSLPAWAKNLLLYNPMTRVMQSYQSIFAYHQAPNWYSLWPVLALAIIFCVIGFRMFRKHAADMVDEL
2164_02370	MKYNLGYLFDLLVVITNKDLKVRYKSSMLGYLWSVANPLLFAMIYYFIFKLVMRVQIPNYTVFLITGLFPWQWFASSATNSLFSFIANAQIIKKTVFPRSVIPLSNVMMEGLHFLCTIPVIVVFLFVYGMTPSLSWVWGIPLIAIGQVIFTFGVSIIFSTLNLFFRDLERFVSLGIMLMFYCTPILYASDMIPEKFSWIITYNPLASMILSWRDLFMNGTLNYEYISILYFTGIILTVVGLSIFNKLKYRFAEIL
218KP-HG_04767	MGRYKGSFLGLAWSLFNPILMLTVYTFVFSVIFKSRWGSSPDTGHADFAIILFTGLIIFNLFAECINRSTSLITSNVNFVKKVVFPIEILPIVNLLAALFHASISLIVLFIAILVFKHQLHFTVLLLPVITIPLMLSILGLSWILASLGVFVRDMPQTISIIVTILMFLSPVFYPLSALPVVFQKIVMLNPLAFMIEEARKVVYWGIEPNWTMLAINMLIGLVICAAGFLFFQKTKKGFADVI
225KP-HG_04542	MKYNLGYLFDLLVVITNKDLKVRYKSSMLGYLWSVANPLLFAMIYYFIFKLVMRVQIPNYTVFLITGLFPWQWFASSATNSLFSFIANAQIIKKTVFPRSVIPLSNVMMEGLHFLCTIPVIVVFLFVYGMTPSLSWVWGIPLIAIGQVIFTFGVSIIFSTLNLFFRDLERFVSLGIMLMFYCTPILYASDMIPEKFSWIITYNPLASMILSWRDLFMNGTLNYEYISILYFTGIILTVVGLSIFNKLKYRFAEIL
228_03986	MGRYKGSFLGLAWSLFNPILMLTVYTFVFSVIFKSRWGSSPDTGHADFAIILFTGLIIFNLFAECINRSTSLITSNVNFVKKVVFPIEILPIVNLLAALFHASISLIVLFIAILVFKHQLHFTVLLLPVITIPLMLSILGLSWILASLGVFVRDMPQTISIIVTILMFLSPVFYPLSALPVVFQKIVMLNPLAFMIEEARKVVYWGIEPNWTMLAINMLIGLVICAAGFLFFQKTKKGFADVI
234KP-HG_01911	MKYNLGYLFDLLVVITNKDLKVRYKSSMLGYLWSVANPLLFAMIYYFIFKLVMRVQIPNYTVFLITGLFPWQWFASSATNSLFSFIANAQIIKKTVFPRSVIPLSNVMMEGLHFLCTIPVIVVFLFVYGMTPSLSWVWGIPLIAIGQVIFTFGVSIIFSTLNLFFRDLERFVSLGIMLMFYCTPILYASDMIPEKFSWIITYNPLASMILSWRDLFMNGTLNYEYISILYFTGIILTVVGLSIFNKLKYRFAEIL
242KP-HG_03300	MKYNLGYLFDLLVVITNKDLKVRYKSSMLGYLWSVANPLLFAMIYYFIFKLVMRVQIPNYTVFLITGLFPWQWFASSATNSLFSFIANAQIIKKTVFPRSVIPLSNVMMEGLHFLCTIPVIVVFLFVYGMTPSLSWVWGIPLIAIGQVIFTFGVSIIFSTLNLFFRDLERFVSLGIMLMFYCTPILYASDMIPEKFSWIITYNPLASMILSWRDLFMNGTLNYGYISILYFTGIILTVVGLSIFNKLKYRFAEIL
245_00881	MIGTLVNISKIIIQKRELIWQMSKRDVMGRYKGSFLGLAWSLFNPILMLTVYTFVFSVIFKSRWGSSPDTGHADFAIILFTGLIIFNLFAECINRSTSLITSNVNFVKKVVFPIEILPIVNLLAALFHASISLIVLFIAILVFKHQLHFTVLLLPVITIPLMLSILGLSWILASLGVFVRDMPQTISIIVTILMFLSPVFYPLSALPVVFQKIVMLNPLAFMIEEARKVVYWGIEPNWTMLAINMLIGLVICAAGFLFFQKTKKGFADVI
255KP-HG_00386	MKYNLGYLFDLLVVITNKDLKVRYKSSMLGYLWSVANPLLFAMIYYFIFKLVMRVQIPNYTVFLITGLFPWQWFASSATNSLFSFIANAQIIKKTVFPRSVIPLSNVMMEGLHFLCTIPVIVVFLFVYGMSPSLSWVWGIPLIAIGQVIFTFGVSIIFSTLNLFFRDLERFVSLGIMLMFYCTPILYASDMIPEKFSWIITYNPLASMILSWRDLFMNGTLNYEYISILYFTGIILTVVGLSIFNKLKYRFAEIL
268KP-HG_02726	MKYNLGYLFDLLVVITNKDLKVRYKSSMLGYLWSVANPLLFAMIYYFIFKLVMRVQIPNYTVFLITGLFPWQWFASSATNSLFSFIANAQIIKKTVFPRSVIPLSNVMMEGLHFLCTIPVIVVFLFVYGMTPSLSWVWGIPLIAIGQVIFTFGVSIIFSTLNLFFRDLERFVSLGIMLMFYCTPILYASDMIPEKFSWIITYNPLASMILSWRDLFMNGTLNYEYISILYFTGIILTVVGLSIFNKLKYRFAEIL
33KP-HG_02540	MKYNLGYLFDLLVVITNKDLKVRYKSSMLGYLWSVANPLLFAMIYYFIFKLVMRVQIPNYTVFLITGLFPWQWFASSATNSLFSFIANAQIIKKTVFPRSVIPLSNVMMEGLHFLCTIPVIVVFLFVYGMTPSLSWVWGIPLIAIGQVIFTFGVSIIFSTLNLFFRDLERFVSLGIMLMFYCTPILYASDMIPEKFSWIITYNPLASMILSWRDLFMNGTLNYEYISILYFTGIILTVVGLSIFNKLKYRFAEIL
34KP-HG_00411	MKYNLGYLFDLLVVITNKDLKVRYKSSMLGYLWSVANPLLFAMIYYFIFKLVMRVQIPNYTVFLITGLFPWQWFASSATNSLFSFIANAQIIKKTVFPRSVIPLSNVMMEGLHFLCTIPVIVVFLFVYGMTPSLSWVWGIPLIAIGQVIFTFGVSIIFSTLNLFFRDLERFVSLGIMLMFYCTPILYASDMIPEKFSWIITYNPLASMILSWRDLFMNGTLNYEYISILYFTGIILTVVGLSIFNKLKYRFAEIL
406_00340	MKYNLGYLFDLLVVITNKDLKVRYKSSMLGYLWSVANPLLFAMIYYFIFKLVMRVQIPNYTVFLITGLFPWQWFASSATNSLFSFIANAQIIKKTVFPRSVIPLSNVMMEGLHFLCTIPVIVVFLFVYGMTPSLSWVWGIPLIAIGQVIFTFGVSIIFSTLNLFFRDLERFVSLGIMLMFYCTPILYASDMIPEKFSWIITYNPLASMILSWRDLFMNGTLNYEYISILYFTGIILTVVGLSIFNKLKYRFAEIL
42KP-HG_00265	MFSAIYRYRGFIIDSVKRDFQSRYQTSFLGAAWLILQPIAMISVYTLIFSELMRARLAGMDGPFAYSIYLCSGVLTWGLFTETLNSLVNVFLTNANILKKLSFPRICLPIIVTASAFINFLIIFGLFVLFLIVTGNFPGMIFFEIIPVLIVQMLFTLGLGIILGVLNVFVRDIGQFVNILLQFWFWFTPIVYVSKTLPEWVSGLLAYNPMATIIGSYQNVMLYHQSPDWMALLPVTVVSVILFLFAWRLFKKHAADIVDEI
48KP-HG_00371	MKYNLGYLFDLLVVITNKDLKVRYKSSMLGYLWSVANPLLFAMIYYFIFKLVMRVQIPNYTVFLITGLFPWQWFASSATNSLFSFIANAQIIKKTVFPRSVIPLSNVMMEGLHFLCTIPVIVVFLFVYGMTPSLSWVWGIPLIAIGQVIFTFGVSIIFSTLNLFFRDLERFVSLGIMLMFYCTPILYASDMIPEKFSWIITYNPLASMILSWRDLFMNGTLNYEYISILYFTGIILTVVGLSIFNKLKYRFAEIL
52KP-HG_03667	MFSAIYRYRGFIIDSVKRDFQSRYQTSFLGAAWLILQPIAMISVYTLIFSELMRARLAGMDGPFAYSIYLCSGVLTWGLFTETLGNLVNVFLTNANILKKLSFPRICLPIIVTASAFINFLIIFGLFVLFLIVTGNFPGMIFFEIIPVLIVQMLFTLGLGIILGVLNVFVRDVGQFVNILLQFWFWFTPIVYVSKTLPEWVSGLLAYNPMATIIGSYQNVMLYHQSPNWMALLPVTVVSVILFLFAWRLFKKHAADIVDEI
62KP-HG_00694	MFSAIYRYRGFIIDSVKRDFQSRYQTSFLGAAWLILQPIAMISVYTLIFSELMRARLAGMDGPFAYSIYLCSGVLTWGLFTETLGNLVNVFLTNANILKKLSFPRICLPIIVTASAFINFLIIFGLFVLFLIVTGNFPGMIFFEIIPVLIVQMLFTLGLGIILGVLNVFVRDVGQFVNILLQFWFWFTPIVYVSKTLPEWVSGLLAYNPMATIIGSYQNVMLYHQSPNWMALLPVTVVSVILFLFAWRLFKKHAADIVDEI
779_02215	MKYNLGYLFDLLVVITNKDLKVRYKSSMLGYLWSVANPLLFAMIYYFIFKLVMRVQIPNYTVFLITGLFPWQWFASSATNSLFSFIANAQIIKKTVFPRSVIPLSNVMMEGLHFLCTIPVIVVFLFVYGMTPSLSWVWGIPLIAIGQVIFTFGVSIIFSTLNLFFRDLERFVSLGIMLMFYCTPILYASDMIPAKFSWIITYNPLASMILSWRDLFMNGTLNYEYISILYFTGIILTVVGLSIFNKLKYRFAEIL
CU276_03911	MKYNLGYLFDLLVVITNKDLKVRYKSSMLGYLWSVANPLLFAMIYYFIFKLVMRVQIPNYTVFLITGLFPWQWFASSATNSLFSFIANAQIIKKTVFPRSVIPLSNVMMEGLHFLCTIPVIVVFLFVYGMTPSLSWVWGIPLIAIGQVIFTFGVSIIFSTLNLFFRDLERFVSLGIMLMFYCTPILYASDMIPEKFSWIITYNPLASMILSWRDLFMNGTLNYEYISILYFTGIILTVVGLSIFNKLKYRFAEIL
CU293_03835	MKYNLGYLFDLLVVITNKDLKVRYKSSMLGYLWSVANPLLFAMIYYFIFKLVMRVQIPNYTVFLITGLFPWQWFASSATNSLFSFIANAQIIKKTVFPRSVIPLSNVMMEGLHFLCTIPVIVVFLFVYGMTPSLSWVWGIPLIAIGQVIFTFGVSIIFSTLNLFFRDLERFVSLGIMLMFYCTPILYASDMIPEKFSWIITYNPLASMILSWRDLFMNGTLNYEYISILYFTGIILTVVGLSIFNKLKYRFAEIL
CU371_01028	MFSAIYRYRGFIIDSVKRDFQSRYQTSFLGAAWLILQPIAMISVYTLIFSELMRARLAGMDGPFAYSIYLCSGVLTWGLFTETLNNLVNVFLTNANILKKLSFPRICLPIIVTASAFINFLIIFGLFVLFLIVTGNFPGMIFFEIIPVLIVQMLFTLGLGIILGVLNVFVRDVGQFVNILLQFWFWFTPIVYVSKTLPEWVSGLLAYNPMATIIGSYQNVMLYHQSPDWMALLPVTVVSVILFLFAWRLFKKHAADIVDEI
CU402_04098	MGRYKGSFLGLAWSLFNPILMLTVYTFVFSVIFKSRWGSSPDTGHADFAIILFTGLIIFNLFAECINRSTSLITSNVNFVKKVVFPIEILPIVNLLAALFHASISLIVLFIAILVFKHQLHFTVLLLPVITIPLMLSILGLSWILASLGVFVRDMPQTISIIVTILMFLSPVFYPLSALPVVFQKIVMLNPLAFMIEEARKVVYWGIEPNWTMLAINMLIGLVICAAGFLFFQKTKKGFADVI
CU406_03993	MGRYKGSFLGLAWSLFNPILMLTVYTFVFSVIFKSRWGSSPDTGHADFAIILFTGLIIFNLFAECINRSTSLITSNVNFVKKVVFPIEILPIVNLLAALFHASISLIVLFIAILVFKHQLHFTVLLLPVITIPLMLSILGLSWILASLGVFVRDMPQTISIIVTILMFLSPVFYPLSALPVVFQKIVMLNPLAFMIEEARKVVYWGIEPNWTMLAINMLIGLVICAAGFLFFQKTKKGFADVI
CU443_04571	MKYNLGYLFDLLVVITNKDLKVRYKSSMLGYLWSVANPLLFAMIYYFIFKLVMRVQIPNYTVFLITGLFPWQWFASSATNSLFSFIANAQIIKKTVFPRSVIPLSNVMMEGLHFLCTIPVIVVFLFVYGMTPSLSWVWGIPLIAIGQVIFTFGVSIIFSTLNLFFRDLERFVSLGIMLMFYCTPILYASDMIPEKFSWIITYNPLASMILSWRDLFMNGTLNYEYISILYFTGIILTVVGLSIFNKLKYRFAEIL
CU448_04076	MKYNLGYLFDLLVVITNKDLKVRYKSSMLGYLWSVANPLLFAMIYYFIFKLVMRVQIPNYTVFLITGLFPWQWFASSATNSLFSFIANAQIIKKTVFPRSVIPLSNVMMEGLHFLCTIPVIVVFLFVYGMTPSLSWVWGIPLIAIGQVIFTFGVSIIFSTLNLFFRDLERFVSLGIMLMFYCTPILYASDMIPEKFSWIITYNPLASMILSWRDLFMNGTLNYEYISILYFTGIILTVVGLSIFNKLKYRFAEIL
CU451_01334	MKYNLGYLFDLLVVITNKDLKVRYKSSMLGYLWSVANPLLFAMIYYFIFKLVMRVQIPNYTVFLITGLFPWQWFASSATNSLFSFIANAQIIKKTVFPRSVIPLSNVMMEGLHFLCTIPVIVVFLFVYGMTPSLSWVWGIPLIAIGQVIFTFGVSIIFSTLNLFFRDLERFVSLGIMLMFYCTPILYASDMIPEKFSWIITYNPLASMILSWRDLFMNGTLNYEYISILYFTGIILTVVGLSIFNKLKYRFAEIL
CU494_03905	MGRYKGSFLGLAWSLFNPILMLTVYTFVFSVIFKSRWGSSPDTGHADFAIILFTGLIIFNLFAECINRSTSLITSNVNFVKKVVFPIEILPIVNLLAALFHASISLIVLFIAILVFKHQLHFTVLLLPVITIPLMLSILGLSWILASLGVFVRDMPQTISIIVTILMFLSPVFYPLSALPVVFQKIVMLNPLAFMIEEARKVVYWGIEPNWTMLAINMLIGLVICAAGFLFFQKTKKGFADVI
CU503_03690	MGRYKGSFLGLAWSLFNPILMLTVYTFVFSVIFKSRWGSSPDTGHADFAIILFTGLIIFNLFAECINRSTSLITSNVNFVKKVVFPIEILPIVNLLAALFHASISLIVLFIAILVFKHQLHFTVLLLPVITIPLMLSILGLSWILASLGVFVRDMPQTISIIVTILMFLSPVFYPLSALPVVFQKIVMLNPLAFMIEEARKVVYWGIEPNWTMLAINMLIGLVICAAGFLFFQKTKKGFADVI
ERS523587_00010	MKYNLGYLFDLLVVITNKDLKVRYKSSMLGYLWSVANPLLFAMIYYFIFKLVMRVQIPNYTVFLITGLFPWQWFASSATNSLFSFIANAQIIKKTVFPRSVIPLSNVMMEGLHFLCTIPVIVVFLFVYGMTPSLSWVWGIPLIAIGQVIFTFGVSIIFSTLNLFFRDLERFVSLGIMLMFYCTPILYASDMIPEKFSWIITYNPLASMILSWRDLFMNGTLNYEYISILYFTGIILTVVGLSIFNKLKYRFAEIL
ERS523588_01647	MKYNLGYLFDLLVVITNKDLKVRYKSSMLGYLWSVANPLLFAMIYYFIFKLVMRVQIPNYTVFLITGLFPWQWFASSATNSLFSFIANAQIIKKTVFPRSVIPLSNVMMEGLHFLCTIPVIVVFLFVYGMTPSLSWVWGIPLIAIGQVIFTFGVSIIFSTLNLFFRDLERFVSLGIMLMFYCTPILYASDMIPEKFSWIITYNPLASMILSWRDLFMNGTLNYEYISILYFTGIILTVVGLSIFNKLKYRFAEIL
ERS523589_04175	MRDLLTTIYRYRGFIWSSVKRDFQARYQTSMLGALWLVLQPLSMILVYTLVFSEVMKARMPDNTGPFAYSIYLCSGVLTWGLFTEMLDKGQSVFINNANLIKKLSFPKICLPIIVTLSAVLNFAIIFSLFLIFIIVTGNFPGWLFFSVIPVLLLQILFAGGLGMILGVMNVFFRDVGQLVGVALQFWFWFTPIVYVLNSLPAWAKNLLLYNPMTRVMQSYQSIFAYHQAPNWYSLWPVLALAIIFCVIGFRMFRKHAADMVDEL
ERS659571_02304	MFSAIYRYRGFIIDSVKRDFQSRYQTSFLGAAWLILQPIAMISVYTLIFSELMRARLAGMDGPFAYSIYLCSGVLTWGLFTETLNSLVNVFLTNANILKKLSFPRICLPIIVTASAFINFLIIFGLFVLFLIVTGNFPGMIFFEIIPVLIVQMLFTLGLGIILGVLNVFVRDVGQFVNILLQFWFWFTPIVYVSKTLPEWVSGLLAYNPMATIIGSYQNVMLYHQSPNWLALLPVTVLSVILFLFAWRLFKKHAADIVDEI
ERS659577_03790	MFSAIYRYRGFIIDSVKRDFQSRYQTSFLGAAWLILQPVAMISVYTLIFSELMRARLAGMDGPFAYSIYLCSGVLTWGLFTETLNNLVNVFLSNANILKKLSFPRICLPIIITASAFINFLIIFGLFVLFLLITGNFPGWIFFEIIPVLMIQMLFTLGLGIILGVLNVFVRDVGQFVNILLQFWFWFTPIVYVSKTLPEWVSGLLAYNPMATIITSYQNVMLYHQSPNWMALLPVTILSLILFLFAWRLFKKHSADIVDEI
ERS659578_03790	MFSAIYRYRGFIIDSVKRDFQSRYQTSFLGAAWLILQPVAMISVYTLIFSELMRARLAGMDGPFAYSIYLCSGVLTWGLFTETLNNLVNVFLSNANILKKLSFPRICLPIIITASAFINFLIIFGLFVLFLLITGNFPGWIFFEIIPVLMIQMLFTLGLGIILGVLNVFVRDVGQFVNILLQFWFWFTPIVYVSKTLPEWVSGLLAYNPMATIITSYQNVMLYHQSPNWMALLPVTILSLILFLFAWRLFKKHSADIVDEI
ERS659579_01577	MKNPHQKLSSSPLAVVRSIATHWSIILQMAKRDVVGRYKGSVMGLLWSFLNPLFMLTVYTFVFSVVFKARWSTGGDESRTQFAIILFVGMIVHGFLSEVVNKAPLIILGNTNYVKKVIFPLETLPVISLFAALFHTCISLCVLLMAFFIFNGYLHWTIVFLPLVFFPLIIFCLGISWILASLGVFLRDVSQTTVIITTVLMFLSPVFFPISALPEKYHIWIMLNPLTFIIEQARTVLIWGGIPNFIGLFLYSLGALVVAWMGFAFFQKTRKGFADVL
ERS659580_01655	MRDLLTTIYRYRGFIWSSVKRDFQARYQTSMLGALWLVLQPLSMILVYTLVFSEVMKARMPDNTGPFAYSIYLCSGVLTWGLFTEMLDKGQSVFINNANLIKKLSFPKICLPIIVTLSAVLNFAIIFSLFLIFIIVTGNFPGWLFLSVIPVLLLQILFAGGLGMILGVMNVFFRDVGQLVGVALQFWFWFTPIVYVLNSLPAWAKNLLLYNPMTRVMQSYQSIFAYHQAPNWYSLWPVLALAIIFCVIGFRMFRKHAADMVDEL
ERS659581_01617	MGLLWSFLNPLFMLTVYTFVFSVVFKARWTAGGDESRTQFAIILFVGMIVHGFFSEVINKAPLIILSNTNYVKKVIFPLETLPVISLLAALFHTCISLFVLLVAFVLFNGFLHWTIVFLPLVFFPLVIFCLGLSWILASLCVFLRDVSQTTVIITNVMMFLSPVFFPISALPAKYHIWIMLNPLTFIIEQARSVLIWGGMPNFLGLLLYSMGAAVVAWLGFVFFQKTRKGFADVL
ERS685293_01700	MFSAIYRYRGFIIDSVKRDFQSRYQTSFLGAAWLILQPIAMISVYTLIFSELMRARLAGMDGPFAYSIYLCSGVLTWGLFTETLNSLVNVFLTNANILKKLSFPRICLPIIVTASAFINFLIIFGLFVLFLIVTGNFPGMIFFEIIPVLIVQMLFTLGLGIILGVLNVFVRDVGQFVNILLQFWFWFTPIVYVSKTLPEWVSGLLAYNPMATIIGSYQNVMLYHQSPNWLALLPVTVLSVILFLFAWRLFKKHAADIVDEI
ERS685294_01647	MGRYKGSFLGLAWSLFNPILMLTVYTFVFSVIFKSRWGSSPDAGHADFAIILFTGLIIFNLFAECINRSTSLITSNVNFVKKVVFPIEILPIVNLLAALFHASISLIVLFIAILVFKHQLHFTVLLLPVITIPLMLSILGLSWILASLGVFVRDMPQTISIIVTILMFLSPVFYPLSALPVVFQKIVMLNPLAFMIEEARKVVYWGNEPNWTMLAINMLIGLVIFAAGFLFFQKTKKGFADVI
ERS685295_00010	MRDLLTTIYRYRGFIWSSVKRDFQARYQTSMLGALWLVLQPLSMILVYTLVFSEVMKARMPDNTGPFAYSIYLCSGVLTWGLFTEMLDKGQSVFINNANLIKKLSFPKICLPIIVTLSAVLNFAIIFSLFLIFIIVTGNFPGWLFLSVIPVLLLQILFAGGLGMILGVMNVFFRDVGQLVGVALQFWFWFTPIVYVLNSLPAWAKNLLLYNPMTRVMQSYQSIFAYHQAPNWYSLWPVLALAIIFCVIGFRMFRKHAADMVDEL
ERS686706_01590	MKYNLGYLFDLLVVITNKDLKVRYKSSMLGYLWSVANPLLFAMIYYFIFKLVMRVQIPNYTVFLITGLFPWQWFASSATNSLFSFIANAQIIKKTVFPRSVIPLSNVMMEGLHFLCTIPVIVVFLFVYGMTPSLSWVWGIPLIAIGQVIFTFGVSIIFSTLNLFFRDLERFVSLGIMLMFYCTPILYASDMIPEKFSWIITYNPLASMILSWRDLFMNGTLNYEYISILYFTGIILTVVGLSIFNKLKYRFAEIL
ERS686707_01670	MKYNLGYLFDLLVVITNKDLKVRYKSSMLGYLWSVANPLLFAMIYYFIFKLVMRVQIPNYTVFLITGLFPWQWFASSATNSLFSFIANAQIIKKTVFPRSVIPLSNVMMEGLHFLCTIPVIVVFLFVYGMTPSLSWVWGIPLIAIGQVIFTFGVSIIFSTLNLFFRDLERFVSLGIMLMFYCTPILYASDMIPEKFSWIITYNPLASMILSWRDLFMNGTLNYEYISILYFTGIILTVVGLSIFNKLKYRFAEIL
ERS686708_02320	MFSAIYRYRGFIIDSVKRDFQSRYQTSFLGAAWLILQPIAMISVYTLIFSELMRARLAGMDGPFAYSIYLCSGVLTWGLFTETLNSLVNVFLTNANILKKLSFPRICLPIIVTASAFINFLIIFGLFVLFLIVTGNFPGMIFFEIIPVLIVQMLFTLGLGIILGVLNVFVRDVGQFVNILLQFWFWFTPIVYVSKTLPEWVSGLLAYNPMATIIGSYQNVMLYHQSPNWLALLPVTVLSVILFLFAWRLFKKHAADIVDEI
ERS686709_03127	MKYNIGYLFDLLVVITNKDLKVRYKSSVFGYLWSIANPLLFAMIYYFIFKLVMRVQIPNYTLFLITGLFPWQWFASSATNSLFSFIANAQIIKKTVFPRSVIPLSNVMMEGLHFLCTIPVIIAFLFVYGMRPSLSWLWGVPIIALGQVIFTFGISIIFSTLNLFFRDLERFVSLGIMLMFYCTPILYASDMIPEKFNWIITYNPLASMILSWRQLFMDGVLNYEYISILYITGLVLTIVGLSIFNKLKYRFAEIL
ERS686710_01430	MKYNLGYLFDLLVVITNKDLKVRYKSSMLGYLWSVANPLLFAMIYYFIFKLVMRVQIPNYTVFLITGLFPWQWFASSATNSLFSFIANAQIIKKTVFPRSVIPLSNVMMEGLHFLCTIPVIVVFLFVYGMTPSLSWVWGIPLIAIGQVIFTFGVSIIFSTLNLFFRDLERFVSLGIMLMFYCTPILYASDMIPEKFSWIITYNPLASMILSWRDLFMNGTLNYEYISILYFTGIILTVVGLSIFNKLKYRFAEIL
ERS686711_01781	MKYNLGYLFDLLVVITNKDLKVRYKSSVFGYLWSIANPLLFAMIYYFIFKLIMRVQIPNYTLFLITGLFPWQWFASSATNSLFSFIANAQIIKKTVFPRSVIPLSNVMMEGLHFLCTIPVIVAFLFVYGMRPSLSWLWGIPLIAIGQVIFTFGISIIFSTLNLFFRDLERFVTLGIMLMFYCTPILYASDMIPAKYSWVIDYNPLASMILSWRNLFMDGVLNYEHISVLYLTGIVLTVIGLSIFNKLKYRFAEIL
ERS701896_01623	MFSAIYRYRGFIIDSVKRDFQSRYQTSFLGAAWLILQPIAMISVYTLIFSELMRARLAGMDGPFAYSIYLCSGVLTWGLFTETLNSLVNVFLTNANILKKLSFPRICLPIIVTASAFINFLIIFGLFVLFLIVTGNFPGMIFFEIIPVLIVQMLFTLGLGIILGVLNVFVRDVGQFVNILLQFWFWFTPIVYVSKTLPEWVSGLLAYNPMATIIGSYQNVMLYHQSPNWLALLPVTVLSVILFLFAWRLFKKHAADIVDEI
ERS702127_01839	MKYNLGYLFDLLVVITNKDLKVRYKSSVFGYLWSIANPLLFAMIYYFIFKLIMRVQIPNYTLFLITGLFPWQWFASSATNSLFSFIANAQIIKKTVFPRSVIPLSNVMMEGLHFLCTIPVIVAFLFVYGMRPSLSWLWGIPLIAIGQVIFTFGISIIFSTLNLFFRDLERFVTLGIMLMFYCTPILYASDMIPAKYSWVIDYNPLASMILSWRNLFMDGVLNYEHISVLYLTGIVLTVIGLSIFNKLKYRFAEIL
ERS702128_01647	MKYNLGYLFDLLVVITNKDLKVRYKSSMLGYLWSVANPLLFAMIYYFIFKLVMRVQIPNYTVFLITGLFPWQWFASSATNSLFSFIANAQIIKKTVFPRSVIPLSNVMMEGLHFLCTIPVIVVFLFVYGMTPSLSWIWGIPLIAIGQVIFTFGVSIIFSTLNLFFRDLERFVSLGIMLMFYCTPILYASDMIPEKFSWIITYNPLASMILSWRDLFMNGTLNYEYISILYFTGIILTVVGLSIFNKLKYRFAEIL
ERS702129_01597	MLKYFLKNKTLILKLAKRDIDSKYKGSFIGGFWAVVNPVIMLCVYSFVFSEVFKAKWGSLEGGKGTFAVVLFAGLIIFNFLAECLSRGPTLFTSNVNYVKKVVFPLGCLPFSIFLSAVFNFFISFIILLIAQLIVFNSVPWTILFFPLLLIPLFLIGFSLIVIFSTIGVYFRDIAQAVPIIITFLMFLSPIFYPLSAIPKSFQDVMMYNPLAFLIENTRDVLIFGKNMSIESYSILYISSIIFYIIAMKIFQKSKKGFADVL
ERS702130_01077	MRDLLTTIYRYRGFIWSSVKRDFQARYQTSMLGALWLVLQPLSMILVYTLVFSEVMKARMPDNTGPFAYSIYLCSGVLTWGLFTEMLDKGQSVFINNANLIKKLSFPKICLPIIVTLSAVLNFAIIFSLFLIFIIVTGNFPGWLFLSVIPVLLLQILFAGGLGMILGVMNVFFRDVGQLVGVALQFWFWFTPIVYVLNSLPAWAKNLLLYNPMTRVMQSYQSIFAYHQAPNWYSLWPVLALAIIFCVIGFRMFRKHAADMVDEL
ERS702131_03386	MKYNLGYLFDLLVVITNKDLKVRYKSSMLGYLWSVANPLLFAMIYYFIFKLVMRVQIPNYTVFLITGLFPWQWFASSATNSLFSFIANAQIIKKTVFPRSVIPLSNVMMEGLHFLCTIPVIVVFLFVYGMTPSLSWVWGIPLIAIGQVIFTFGVSIIFSTLNLFFRDLERFVSLGIMLMFYCTPILYASDMIPEKFSWIITYNPLASMILSWRDLFMNGTLNYEYISILYFTGIILTVVGLSIFNKLKYRFAEIL
ERS702132_01451	MKNPHQKLSSSPVEIARSIFGHRGIILQMAKRDVIGRYKGSVMGLLWSFLNPLFMLTVYTFVFSVVFKARWSAGGDESRTQFAIILFVGMIVHGFFSEVINKAPLIILSNTNYVKKVIFPLETLPVISLLAALFHTCISLFVLLVAFVLFNGYLHWTIVFLPLVFFPLVIFCLGLSWILASLGVFLRDVSQTTVIITTVMMFLSPVFFPISALPAKYHIWIMLNPLTFIIEQARSVLIWGGMPNFLGLLLYSMGAAVVAWLGFVFFQKTRKGFADVL
ERS702133_01877	MKYNLGYLFDLLVVITNKDLKVRYKSSVFGYLWSIANPLLFAMIYYFIFKLIMRVQIPNYTLFLITGLFPWQWFASSATNSLFSFIANAQIIKKTVFPRSVIPLSNVMMEGLHFLCTIPVIVAFLFVYGMRPSLSWLWGIPLIAIGQVIFTFGISIIFSTLNLFFRDLERFVTLGIMLMFYCTPILYASDMIPAKYSWVIDYNPLASMILSWRNLFMDGVLNYEHISVLYLTGIVLTVIGLSIFNKLKYRFAEIL
ERS706552_01734	MKYNLGYLFDLLVVITNKDLKVRYKSSMLGYLWSVANPLLFAMIYYFIFKLVMRVQIPNYTVFLITGLFPWQWFASSATNSLFSFIANAQIIKKTVFPRSVIPLSNVMMEGLHFLCTIPVIVVFLFVYGMTPSLSWVWGIPLIAIGQVIFTFGVSIIFSTLNLFFRDLERFVSLGIMLMFYCTPILYASDMIPEKFSWIITYNPLASMILSWRDLFMNGTLNYEYISILYFTGIILTVVGLSIFNKLKYRFAEIL
ERS706553_01631	MKYNLGYLFDLLVVITNKDLKVRYKSSMLGYLWSVANPLLFAMIYYFIFKLVMRVQIPNYTVFLITGLFPWQWFASSATNSLFSFIANAQIIKKTVFPRSVIPLSNVMMEGLHFLCTIPVIVVFLFVYGMTPSLSWVWGIPLIAIGQVIFTFGVSIIFSTLNLFFRDLERFVSLGIMLMFYCTPILYASDMIPEKFSWIITYNPLASMILSWRDLFMNGTLNYEYISILYFTGIILTVVGLSIFNKLKYRFAEIL
ERS706554_01239	MKYNLGYLFDLLVVITNKDLKVRYKSSMLGYLWSVANPLLFAMIYYFIFKLVMRVQIPNYTVFLITGLFPWQWFASSATNSLFSFIANAQIIKKTVFPRSVIPLSNVMMEGLHFLCTIPVIVVFLFVYGMTPSLSWVWGIPLIAIGQVIFTFGVSIIFSTLNLFFRDLERFVSLGIMLMFYCTPILYASDMIPEKFSWIITYNPLASMILSWRDLFMNGTLNYEYISILYFTGIILTVVGLSIFNKLKYRFAEIL
ERS706555_01679	MKYNLGYLFDLLVVITNKDLKVRYKSSMLGYLWSVANPLLFAMIYYFIFKLVMRVQIPNYTVFLITGLFPWQWFASSATNSLFSFIANAQIIKKTVFPRSVIPLSNVMMEGLHFLCTIPVIVVFLFVYGMTPSLSWVWGIPLIAIGQVIFTFGVSIIFSTLNLFFRDLERFVSLGIMLMFYCTPILYASDMIPEKFSWIITYNPLASMILSWRDLFMNGTLNYEYISILYFTGIILTVVGLSIFNKLKYRFAEIL
ERS706556_01596	MFSAIYRYRGFIIDSVKRDFQSRYQTSFLGAAWLILQPIAMISVYTLIFSELMRARLAGMDGPFAYSIYLCSGVLTWGLFTETLNSLVNVFLTNANILKKLSFPRICLPIIVTASAFINFLIIFGLFVLFLIVTGNFPGMIFFEIIPVLIVQMLFTLGLGIILGVLNVFVRDVGQFVNILLQFWFWFTPIVYVSKTLPEWVSGLLAYNPMATIIGSYQNVMLYHQSPNWMALLPVTVVSVILFLFAWRLFKKHAADIVDEI
ERS715399_01700	MKYNLGYLFDLLVVITNKDLKVRYKSSMLGYLWSVANPLLFAMIYYFIFKLVMRVQIPNYTVFLITGLFPWQWFASSATNSLFSFIANAQIIKKTVFPRSVIPLSNVMMEGLHFLCTIPVIVVFLFVYGMTPSLSWVWGIPLIAIGQVIFTFGVSIIFSTLNLFFRDLERFVSLGIMLMFYCTPILYASDMIPEKFSWIITYNPLASMILSWRDLFMNGTLNYEYISILYFTGIILTVVGLSIFNKLKYRFAEIL
ERS715400_01616	MFSAIYRYRGFIIDSVKRDFQSRYQTSFLGAAWLILQPIAMISVYTLIFSELMRARLAGMDGPFAYSIYLCSGVLTWGLFTETLNSLVNVFLTNANILKKLSFPRICLPIIVTASAFINFLIIFGLFVLFLIVTGNFPGMIFFEIIPVLIVQMLFTLGLGIILGVLNVFVRDVGQFVNILLQFWFWFTPIVYVSKTLPEWVSGLLAYNPMATIIGSYQNVMLYHQSPNWMALLPVTVVSVILFLFAWRLFKKHAADIVDEI
ERS715401_05040	MFSAIYRYRGFIIDSVKRDFQSRYQTSFLGAAWLILQPIAMISVYTLIFSELMRARLAGMDGPFAYSIYLCSGVLTWGLFTETLGNLVNVFLTNANILKKLSFPRICLPIIVTASAFINFLIIFGLFVLFLIVTGNFPGMIFFEIIPVLIVQMLFTLGLGIILGVLNVFVRDVGQFVNILLQFWFWFTPIVYVSKTLPEWVSGLLAYNPMATIIGSYQNVMLYHQSPNWMALLPVTVVSIILFLFAWRLFKKHAADIVDEI
ERS715409_01645	MKYNLGYLFDLLVVITNKDLKVRYKSSMLGYLWSVANPLLFAMIYYFIFKLVMRVQIPNYTVFLITGLFPWQWFASSATNSLFSFIANAQIIKKTVFPRSVIPLSNVMMEGLHFLCTIPVIVVFLFVYGMTPSLSWVWGIPLIAIGQVIFTFGVSIIFSTLNLFFRDLERFVSLGIMLMFYCTPILYASDMIPEKFSWIITYNPLASMILSWRDLFMNGTLNYEYISILYFTGIILTVVGLSIFNKLKYRFAEIL
ERS715410_02137	MKYNLGYLFDLLVVITNKDLKVRYKSSMLGYLWSVANPLLFAMIYYFIFKLVMRVQIPNYTVFLITGLFPWQWFASSATNSLFSFIANAQIIKKTVFPRSVIPLSNVMMEGLHFLCTIPVIVVFLFVYGMTPSLSWVWGIPLIAIGQVIFTFGVSIIFSTLNLFFRDLERFVSLGIMLMFYCTPILYASDMIPEKFSWIITYNPLASMILSWRDLFMNGTLNYEYISILYFTGIILTVVGLSIFNKLKYRFAEIL
ERS715468_01633	MKYNLGYLFDLLVVITNKDLKVRYKSSMLGYLWSVANPLLFAMIYYFIFKLVMRVQIPNYTVFLITGLFPWQWFASSATNSLFSFIANAQIIKKTVFPRSVIPLSNVMMEGLHFLCTIPVIVVFLFVYGMTPSLSWVWGIPLIAIGQVIFTFGVSIIFSTLNLFFRDLERFVSLGIMLMFYCTPILYASDMIPEKFSWIITYNPLASMILSWRDLFMNGTLNYEYISILYFTGIILTVVGLSIFNKLKYRFAEIL
ERS715469_01593	MKYNLGYLFDLLVVITNKDLKVRYKSSMLGYLWSVANPLLFAMIYYFIFKLVMRVQIPNYTVFLITGLFPWQWFASSATNSLFSFIANAQIIKKTVFPRSVIPLSNVMMEGLHFLCTIPVIVVFLFVYGMTPSLSWVWGIPLIAIGQVIFTFGVSIIFSTLNLFFRDLERFVSLGIMLMFYCTPILYASDMIPEKFSWIITYNPLASMILSWRDLFMNGTLNYEYISILYFTGIILTVVGLSIFNKLKYRFAEIL
ERS715470_01632	MFSAIYRYRGFIIDSVKRDFQSRYQTSFLGAAWLILQPIAMISVYTLIFSELMRARLAGMDGPFAYSIYLCSGVLTWGLFTETLGNLVNVFLTNANILKKLSFPRICLPIIVTASAFINFLIIFGLFVLFLIVTGNFPGMIFFEIIPVLIVQMLFTLGLGIILGVLNVFVRDVGQFVNILLQFWFWFTPIVYVSKTLPEWVSGLLAYNPMATIIGSYQNVMLYHQSPNWMALLPVTVVSIILFLFAWRLFKKHAADIVDEI
ERS715471_04849	MFSAIYRYRGFIIDSVKRDFQSRYQTSFLGAAWLILQPIAMISVYTLIFSELMRARLAGMDGPFAYSIYLCSGVLTWGLFTETLNSLVNVFLTNANILKKLSFPRICLPIIVTASAFINFLIIFGLFVLFLIVTGNFPGMIFFEIIPVLIVQMLFTLGLGIILGVLNVFVRDVGQFVNILLQFWFWFTPIVYVSKTLPEWVSGLLAYNPMATIIGSYQNVMLYHQSPNWLALLPVTVLSVILFLFAWRLFKKHAADIVDEI
ERS715472_01648	MKYNIGYLFDLLVVITNKDLKVRYKSSVFGYLWSIANPLLFAMIYYFIFKLVMRVQIPNYTLFLITGLFPWQWFASSATNSLFSFIANAQIIKKTVFPRSVIPLSNVMMEGLHFLCTIPVIIAFLFVYGMSPSISWLWGIPIIAIGQVIFTFGISIIFSTLNLFFRDLERFVSLGIMLMFYCTPILYAADMIPEKFSWIITYNPLASMILSWRQLFMDGVLNYEYISILYVTGIILTIVGLSIFNKLKYRFAEIL
ERS715473_05181	MKYNLGYLFDLLVVITNKDLKVRYKSSVFGYLWSIANPLLFAMIYYFIFKLVMRVQIPNYTLFLITGLFPWQWFASSATNSLFSFIANAQIIKKTVFPRSVIPLSNVMMEGLHFLCTIPVIIAFLFVYGMRPSLSWLWGIPVIAIGQVIFTFGISIIFSTLNLFFRDLERFVSLGIMLMFYCTPILYASDMIPEKFSWIITYNPLASMILSWRELFMNGVLNYEYISILYITGFILTIVGLAIFNKLKYRFAEIL
ERS718583_03831	MFSAIYRYRGFIIDSVKRDFQSRYQTSFLGAAWLILQPIAMISVYTLIFSELMRARLAGMDGPFAYSIYLCSGVLTWGLFTETLGNLVNVFLTNANILKKLSFPRICLPIIVTASAFINFLIIFGLFVLFLIVTGNFPGMIFFEIIPVLIVQMLFTLGLGIILGVLNVFVRDVGQFVNILLQFWFWFTPIVYVSKTLPEWVSGLLAYNPMATIIGSYQNVMLYHQSPNWMALLPVTVVSVILFLFAWRLFKKHAADIVDEI
ERS718584_01605	MKYNLGYLFDLLVVITNKDLKVRYKSSMLGYLWSVANPLLFAMIYYFIFKLVMRVQIPNYTVFLITGLFPWQWFASSATNSLFSFIANAQIIKKTVFPRSVIPLSNVMMEGLHFLCTIPVIVVFLFVYGMTPSLSWVWGIPLIAIGQVIFTFGVSIIFSTLNLFFRDLERFVSLGIMLMFYCTPILYASDMIPEKFSWIITYNPLASMILSWRDLFMNGTLNYEYISILYFTGIILTVVGLSIFNKLKYRFAEIL
ERS739094_03002	MKYNLGYLFDLLVVITNKDLKVRYKSSMLGYLWSVANPLLFAMIYYFIFKLVMRVQIPNYTVFLITGLFPWQWFASSATNSLFSFIANAQIIKKTVFPRSVIPLSNVMMEGLHFLCTIPVIVVFLFVYGMTPSLSWVWGIPLIAIGQVIFTFGVSIIFSTLNLFFRDLERFVSLGIMLMFYCTPILYASDMIPEKFSWIITYNPLASMILSWRDLFMNGTLNYEYISILYFTGIILTVVGLSIFNKLKYRFGEIL
ERS739095_01539	MKYNLGYLFDLLVVITNKDLKVRYKSSMLGYLWSVANPLLFAMIYYFIFKLVMRVQIPNYTVFLITGLFPWQWFASSATNSLFSFIANAQIIKKTVFPRSVIPLSNVMMEGLHFLCTIPVIVVFLFVYGMTPSLSWVWGIPLIAIGQVIFTFGVSIIFSTLNLFFRDLERFVSLGIMLMFYCTPILYASDMIPEKFSWIITYNPLASMILSWRDLFMNGTLNYEYISILYFTGIILTVVGLSIFNKLKYRFAEIL
ERS743101_04399	MRDLLTTIYRYRGFIWSSVKRDFQARYQTSMLGALWLVLQPLSMILVYTLVFSEVMKARMPDNTGPFAYSIYLCSGVLTWGLFTEMLDKGQSVFINNANLIKKLSFPKICLPIIVTLSAVLNFAIIFSLFLIFIIVTGNFPGWLFLSVIPVLLLQILFAGGLGMILGVMNVFFRDVGQLVGVALQFWFWFTPIVYVLNSLPAWAKNLLLYNPMTRVMQSYQSIFAYHQAPNWYSLWPVLALAIIFCVIGFRMFRKHAADMVDEL
ERS744787_01660	MKYNIGYLFDLLVVITNKDLKVRYKSSVFGYLWSIANPLLFAMIYYFIFKLVMRVQIPNYTLFLITGLFPWQWFASSATNSLFSFIANAQIIKKTVFPRSVIPLSNVMMEGLHFLCTIPVIIAFLFVYGMRPSLSWLWGVPIIALGQVIFTFGISIIFSTLNLFFRDLERFVSLGIMLMFYCTPILYASDMIPEKFSWIITYNPLASMILSWRQLFMDGVLNYEYISILYITGLVLTIVGLSIFNKLKYRFAEIL
ERS747603_03645	MKYNLGYLFDLLVVITNKDLKVRYKSSMLGYLWSVANPLLFAMIYYFIFKLVMRVQIPNYTVFLITGLFPWQWFASSATNSLFSFIANAQIIKKTVFPRSVIPLSNVMMEGLHFLCTIPVIVVFLFVYGMTPSLSWVWGIPLIAIGQVIFTFGVSIIFSTLNLFFRDLERFVSLGIMLMFYCTPILYASDMIPEKFSWIITYNPLASMILSWRDLFMNGTLNYEYISILYFTGIILTVVGLSIFNKLKYRFAEIL
ERS747611_01682	MKYNLGYLFDLLVVITNKDLKVRYKSSMLGYLWSVANPLLFAMIYYFIFKLVMRVQIPNYTVFLITGLFPWQWFASSATNSLFSFIANAQIIKKTVFPRSVIPLSNVMMEGLHFLCTIPVIVVFLFVYGMTPSLSWVWGIPLIAIGQVIFTFGVSIIFSTLNLFFRDLERFVSLGIMLMFYCTPILYASDMIPEKFSWIITYNPLASMILSWRDLFMNGTLNYEYISILYFTGIILTVVGLSIFNKLKYRFAEIL
ERS747612_01605	MKYNLGYLFDLLVVITNKDLKVRYKSSMLGYLWSVANPLLFAMIYYFIFKLVMRVQIPNYTVFLITGLFPWQWFASSATNSLFSFIANAQIIKKTVFPRSVIPLSNVMMEGLHFLCTIPVIVVFLFVYGMTPSLSWVWGIPLIAIGQVIFTFGVSIIFSTLNLFFRDLERFVSLGIMLMFYCTPILYASDMIPEKFSWIITYNPLASMILSWRDLFMNGTLNYEYISILYFTGIILTVVGLSIFNKLKYRFAEIL
ERS764450_01637	MGRYKGSFLGLAWSLFNPILMLTVYTFVFSVIFKSRWGSSPDTGHADFAIILFTGLIIFNLFAECINRSTSLITSNVNFVKKVVFPIEILPIVNLLAALFHASISLIVLFIAILVFKHQLHFTVLLLPVITIPLMLSILGLSWILASLGVFVRDMPQTISIIVTILMFLSPVFYPLSALPVVFQKIVMLNPLAFMIEEARKVVYWGIEPNWTMLAINMLIGLVICAAGFLFFQKTKKGFADVI
ERS764451_01610	MKYNLGYLFDLLVVITNKDLKVRYKSSMLGYLWSVANPLLFAMIYYFIFKLVMRVQIPNYTVFLITGLFPWQWFASSATNSLFSFIANAQIIKKTVFPRSVIPLSNVMMEGLHFLCTIPVIVVFLFVYGMTPSLSWVWGIPLIAIGQVIFTFGVSIIFSTLNLFFRDLERFVSLGIMLMFYCTPILYASDMIPEKFSWIITYNPLASMILSWRDLFMNGTLNYEYISILYFTGIILTVVGLSIFNKLKYRFAEIL
ERS764452_01777	MGRYKGSFLGLTWSLFNPILMLTVYTFVFSVIFKSRWGSSPDTGHADFAIILFTGLIIFNLFAECINRSTSLITSNVNFVKKVVFPIEILPIVNLLAALFHASISLIVLFIAILVFKHQLHFTVLLLPVITIPLMLSILGLSWILASLGVFVRDMPQTISIIVTILMFLSPVFYPLSALPVVFQKIVMLNPLAFMIEEARKVVYWGIEPNWTMLAINMLIGLVICAAGFLFFQKTKKGFADVI
ERS799795_02041	MGRYKGSFLGLAWSLFNPILMLTVYTFVFSVIFKSRWGSSPDTGHADFAIILFTGLIIFNLFAECINRSTSLITSNVNFVKKVVFPIEILPIVNLLAALFHASISLIVLFIAILVFKHQLHFTVLLLPVITIPLMLSILGLSWILASLGVFVRDMPQTISIIVTILMFLSPVFYPLSALPVVFQKIVMLNPLAFMIEEARKVVYWGIEPNWTMLAINMLIGLVICAAGFLFFQKTKKGFADVI
ERS799796_01588	MKYNLGYLFDLLVVITNKDLKVRYKSSMLGYLWSVANPLLFAMIYYFIFKLVMRVQIPNYTVFLITGLFPWQWFASSATNSLFSFIANAQIIKKTVFPRSVIPLSNVMMEGLHFLCTIPVIVVFLFVYGMTPSLSWVWGIPLIAIGQVIFTFGVSIIFSTLNLFFRDLERFVSLGIMLMFYCTPILYASDMIPEKFSWIITYNPLASMILSWRDLFMNGSLNYEYISILYFTGIILTVVGLSIFNKLKYRFAEIL
ERS799797_01753	MKYNLGYLFDLLVVITNKDLKVRYKSSVFGYLWSIANPLLFAMIYYFIFKLIMRVQIPNYTLFLITGLFPWQWFASSATNSLFSFIANAQIIKKTVFPRSVIPLSNVMMEGLHFLCTIPVIVAFLFVYGMRPSLSWLWGIPLIAIGQVIFTFGISIIFSTLNLFFRDLERFVTLGIMLMFYCTPILYASDMIPAKYSWVIDYNPLASMILSWRNLFMDGVLNYEHISVLYLTGIVLTVIGLSIFNKLKYRFAEIL
ERS799798_01605	MKYNLGYLFDLLVVITNKDLKVRYKSSMLGYLWSVANPLLFAMIYYFIFKLVMRVQIPNYTVFLITGLFPWQWFASSATNSLFSFIANAQIIKKTVFPRSVIPLSNVMMEGLHFLCTIPVIVVFLFVYGMSPSLSWVWGIPLIAIGQVIFTFGVSIIFSTLNLFFRDLERFVSLGIMLMFYCTPILYASDMIPEKFSWIITYNPLASMILSWRDLFMNGTLNYEYISILYFTGIILTVVGLSIFNKLKYRFAEIL
ERS812516_03380	MKYNLGYLFDLLVVITNKDLKVRYKSSMLGYLWSVANPLLFAMIYYFIFKLVMRVQIPNYTVFLITGLFPWQWFASSATNSLFSFIANAQIIKKTVFPRSVIPLSNVMMEGLHFLCTIPVIVVFLFVYGMTPSLSWVWGIPLIAIGQVIFTFGVSIIFSTLNLFFRDLERFVSLGIMLMFYCTPILYASDMIPEKFSWIITYNPLASMILSWRDLFMNGTLNYEYISILYFTGIILTVVGLSIFNKLKYRFAEIL
HAV1_13_04496	MFSAIYRYRGFIIDSVKRDFQSRYQTSFLGAAWLILQPIAMISVYTLIFSELMRARLAGMDGPFAYSIYLCSGVLTWGLFTETLNSLVNVFLTNANILKKLSFPRICLPIIVTASAFINFLIIFGLFVLFLIVTGNFPGMIFFEIIPVLIVQMLFTLGLGIILGVLNVFVRDVGQFVNILLQFWFWFTPIVYVSKTLPEWVSGLLAYNPMATIIGSYQNVMLYHQSPNWLALLPVTVLSVILFLFAWRLFKKHAADIVDEI
HAV1_14_01323	MGRYKGSFLGLAWSLFNPILMLTVYTFVFSVIFKSRWGSSPDTGHADFAIILFTGLIIFNLFAECINRSTSLITSNVNFVKKVVFPIEILPIVNLLAALFHASISLIVLFIAILVFKHQLHFTVLLLPVITIPLMLSILGLSWILASLGVFVRDMPQTISIIVTILMFLSPVFYPLSALPVVFQKIVMLNPLAFMIEEARKVVYWGIEPNWTMLAINMLIGLVICAAGFLFFQKTKKGFADVI
HCV1_10_03041	MKYNLGYLFDLLVVITNKDLKVRYKSSMLGYLWSVANPLLFAMIYYFIFKLVMRVQIPNYTVFLITGLFPWQWFASSATNSLFSFIANAQIIKKTVFPRSVIPLSNVMMEGLHFLCTIPVIVVFLFVYGMTPSLSWVWGIPLIAIGQVIFTFGVSIIFSTLNLFFRDLERFVSLGIMLMFYCTPILYASDMIPEKFSWIITYNPLASMILSWRDLFMNGTLNYEYISILYFTGIILTVVGLSIFNKLKYRFAEIL
HCV1_19_04219	MKYNLGYLFDLLVVITNKDLKVRYKSSMLGYLWSVANPLLFAMIYYFIFKLVMRVQIPNYTVFLITGLFPWQWFASSATNSLFSFIANAQIIKKTVFPRSVIPLSNVMMEGLHFLCTIPVIVVFLFVYGMTPSLSWVWGIPLIAIGQVIFTFGVSIIFSTLNLFFRDLERFVSLGIMLMFYCTPILYASDMIPEKFSWIITYNPLASMILSWRDLFMNGTLNYEYISILYFTGIILTVVGLSIFNKLKYRFAEIL
HCV1_21_00048	MLKYFLKNKTLILKLAKRDIDSKYKGSFIGGFWAVVNPVIMLCVYSFVFSEVFKAKWGSLEGGKGTFAVVLFAGLIIFNFLAECLSRGPTLFTSNVNYVKKVVFPLGCLPFSIFLSAVFNFFISFIILLIAQLIVFNSVPWTILFFPLLLIPLFLIGFSLIVIFSTIGVYFRDIAQAVPIIITFLMFLSPIFYPLSAIPKSFQDVMMYNPLAFLIENTRDVLIFGKNMSIESYSILYISSIIFYIIAMKIFQKAKKGFADVL
HCV1_24_03535	MKYNLGYLFDLLVVITNKDLKVRYKSSMLGYLWSVANPLLFAMIYYFIFKLVMRVQIPNYTVFLITGLFPWQWFASSATNSLFSFIANAQIIKKTVFPRSVIPLSNVMMEGLHFLCTIPVIVVFLFVYGMTPSLSWVWGIPLIAIGQVIFTFGVSIIFSTLNLFFRDLERFVSLGIMLMFYCTPILYASDMIPEKFSWIITYNPLASMILSWRDLFMNGTLNYEYISILYFTGIILTVVGLSIFNKLKYRFAEIL
HCV1_26_02194	MRDLLTTIYRYRGFIWSSVKRDFQARYQTSMLGALWLVLQPLSMILVYTLVFSEVMKARMPDNTGPFAYSIYLCSGVLTWGLFTEMLDKGQSVFINNANLIKKLSFPKICLPIIVTLSAVLNFAIIFSLFLIFIIVTGNFPGWLFLSVIPVLLLQILFAGGLGMILGVMNVFFRDVGQLVGVALQFWFWFTPIVYVLNSLPAWAKNLLLYNPMTRVMQSYQSIFAYHQAPNWYSLWPVLALAIIFCVIGFRMFRKHAADMVDEL
HCV1_27_04312	MFSAIYRYRGFIIDSVKRDFQSRYQTSFLGAAWLILQPIAMISVYTLIFSELMRARLAGMDGPFAYSIYLCSGVLTWGLFTETLNSLVNVFLTNANILKKLSFPRICLPIIVTASAFINFLIIFGLFVLFLIVTGNFPGMIFFEIIPVLIVQMLFTLGLGIILGVLNVFVRDVGQFVNILLQFWFWFTPIVYVSKTLPEWVSGLLAYNPMATIIGSYQNVMLYHQSPNWLALLPVTVLSVILFLFAWRLFKKHAADIVDEI
HCV1_33_03011	MKYNLGYLFDLLVVITNKDLKVRYKSSMLGYLWSVANPLLFAMIYYFIFKLVMRVQIPNYTVFLITGLFPWQWFASSATNSLFSFIANAQIIKKTVFPRSVIPLSNVMMEGLHFLCTIPVIVVFLFVYGMTPSLSWIWGIPLIAIGQVIFTFGVSIIFSTLNLFFRDLERFVSLGIMLMFYCTPILYASDMIPEKFSWIITYNPLASMILSWRDLFMNGTLNYEYISILYFTGIILTVVGLSIFNKLKYRFAEIL
HCV1_35_04069	MKYNLGYLFDLLVVITNKDLKVRYKSSMLGYLWSVANPLLFAMIYYFIFKLVMRVQIPNYTVFLITGLFPWQWFASSATNSLFSFIANAQIIKKTVFPRSVIPLSNVMMEGLHFLCTIPVIVVFLFVYGMTPSLSWVWGIPLIAIGQVIFTFGVSIIFSTLNLFFRDLERFVSLGIMLMFYCTPILYASDMIPEKFSWIITYNPLASMILSWRDLFMNGTLNYEYISILYFTGIILTVVGLSIFNKLKYRFAEIL
HCV1_36_02275	MKYNLGYLFDLLVVITNKDLKVRYKSSMLGYLWSVANPLLFAMIYYFIFKLVMRVQIPNYTVFLITGLFPWQWFASSATNSLFSFIANAQIIKKTVFPRSVIPLSNVMMEGLHFLCTIPVIVVFLFVYGMTPSLSWVWGIPLIAIGQVIFTFGVSIIFSTLNLFFRDLERFVSLGIMLMFYCTPILYASDMIPEKFSWIITYNPLASMILSWRDLFMNGTLNYEYISILYFTGIILTVVGLSIFNKLKYRFAEIL
HCV1_42_03035	MKYNLGYLFDLLVVITNKDLKVRYKSSMLGYLWSVANPLLFAMIYYFIFKLVMRVQIPNYTVFLITGLFPWQWFASSATNSLFSFIANAQIIKKTVFPRSVIPLSNVMMEGLHFLCTIPVIVVFLFVYGMSPSLSWVWGIPLIAIGQVIFTFGVSIIFSTLNLFFRDLERFVSLGIMLMFYCTPILYASDMIPEKFSWIITYNPLASMILSWRDLFMNGTLNYEYISILYFTGIILTVVGLSIFNKLKYRFAEIL
HGUA4_08_00092	MKYNLGYLFDLLVVITNKDLKVRYKSSMLGYLWSVANPLLFAMIYYFIFKLVMRVQIPNYTVFLITGLFPWQWFASSATNSLFSFIANAQIIKKTVFPRSVIPLSNVMMEGLHFLCTIPVIVVFLFVYGMTPSLSWVWGIPLIAIGQVIFTFGVSIIFSTLNLFFRDLERFVSLGIMLMFYCTPILYASDMIPEKFSWIITYNPLASMILSWRDLFMNGTLNYEYISILYFTGIILTVVGLSIFNKLKYRFAEIL
HGUA4_09_03119	MFSAIYRYRGFIIDSVKRDFQSRYQTSFLGAAWLILQPIAMISVYTLIFSELMRARLAGMDGPFAYSIYLCSGVLTWGLFTETLGNLVNVFLTNANILKKLSFPRICLPIIVTASAFINFLIIFGLFVLFLIVTGNFPGMIFFEIIPVLIVQMLFTLGLGIILGVLNVFVRDVGQFVNILLQFWFWFTPIVYVSKTLPEWVSGLLAYNPMATIIGSYQNVMLYHQSPNWLALLPVTVLSVILFLFAWRLFKKHAADIVDEI
HGUA4_15_03704	MRDLLTTIYRYRGFIWSSVKRDFQARYQTSMLGALWLVLQPLSMILVYTLVFSEVMKARMPDNTGPFAYSIYLCSGVLTWGLFTEMLDKGQSVFINNANLIKKLSFPKICLPIIVTLSAVLNFAIIFSLFLIFIIVTGNFPGWLFLSVIPVLLLQILFAGGLGMILGVMNVFFRDVGQLVGVALQFWFWFTPIVYVLNSLPAWAKNLLLYNPMTRVMQSYQSIFAYHQAPNWYSLWPVLALAIIFCVIGFRMFRKHAADMVDEL
HGUA4_51_02688	MKYNLGYLFDLLVVITNKDLKVRYKSSMLGYLWSVANPLLFAMIYYFIFKLVMRVQIPNYTVFLITGLFPWQWFASSATNSLFSFIANAQIIKKTVFPRSVIPLSNVMMEGLHFLCTIPVIVVFLFVYGMTPSLSWVWGIPLIAIGQVIFTFGVSIIFSTLNLFFRDLERFVSLGIMLMFYCTPILYASDMIPEKFSWIITYNPLASMILSWRDLFMNGTLNYEYISILYFTGIILTVVGLSIFNKLKYRFAEIL
HGUC2_04_00552	MRDLLTTIYRYRGFIWSSVKRDFQARYQTSMLGALWLVLQPLSMILVYTLVFSEVMKARMPDNTGPFAYSIYLCSGVLTWGLFTEMLDKGQSVFINNANLIKKLSFPKICLPIIVTLSAVLNFAIIFSLFLIFIIVTGNFPGWLFLSVIPVLLLQILFAGGLGMILGVMNVFFRDVGQLVGVALQFWFWFTPIVYVLNSLPAWAKNLLLYNPMTRVMQSYQSIFAYHQAPNWYSLWPVLALAIIFCVIGFRMFRKHAADMVDEL
HGUC2_09_01553	MKYNLGYLFDLLVVITNKDLKVRYKSSMLGYLWSVANPLLFAMIYYFIFKLVMRVQIPNYTVFLITGLFPWQWFASSATNSLFSFIANAQIIKKTVFPRSVIPLSNVMMEGLHFLCTIPVIVVFLFVYGMTPSLSWVWGIPLIAIGQVIFTFGVSIIFSTLNLFFRDLERFVSLGIMLMFYCTPILYASDMIPEKFSWIITYNPLASMILSWRDLFMNGTLNYEYISILYFTGIILTVVGLSIFNKLKYRFAEIL
HGV2C_01_01812	MKYNLGYLFDLLVVITNKDLKVRYKSSMLGYLWSVANPLLFAMIYYFIFKLVMRVQIPNYTVFLITGLFPWQWFASSATNSLFSFIANAQIIKKTVFPRSVIPLSNVMMEGLHFLCTIPVIVVFLFVYGMTPSLSWVWGIPLIAIGQVIFTFGVSIIFSTLNLFFRDLERFVSLGIMLMFYCTPILYASDMIPEKFSWIITYNPLASMILSWRDLFMNGTLNYEYISILYFTGIILTVVGLSIFNKLKYRFAEIL
HGV2C_02_01815	MKYNLGYLFDLLVVITNKDLKVRYKSSMLGYLWSVANPLLFAMIYYFIFKLVMRVQIPNYTVFLITGLFPWQWFASSATNSLFSFIANAQIIKKTVFPRSVIPLSNVMMEGLHFLCTIPVIVVFLFVYGMTPSLSWVWGIPLIAIGQVIFTFGVSIIFSTLNLFFRDLERFVSLGIMLMFYCTPILYASDMIPEKFSWIITYNPLASMILSWRDLFMNGTLNYEYISILYFTGIILTVVGLSIFNKLKYRFAEIL
HGV2C_03_03882	MKYNLGYLFDLLVVITNKDLKVRYKSSMLGYLWSVANPLLFAMIYYFIFKLVMRVQIPNYTVFLITGLFPWQWFASSATNSLFSFIANAQIIKKTVFPRSVIPLSNVMMEGLHFLCTIPVIVVFLFVYGMTPSLSWVWGIPLIAIGQVIFTFGVSIIFSTLNLFFRDLERFVSLGIMLMFYCTPILYASDMIPEKFSWIITYNPLASMILSWRDLFMNGTLNYEYISILYFTGIILTVVGLSIFNKLKYRFAEIL
HGV2C_06_03766	MFSAIYRYRGFIIDSVKRDFQSRYQTSFLGAAWLILQPIAMISVYTLIFSELMRARLAGMDGPFAYSIYLCSGVLTWGLFTETLNSLVNVFLTNANILKKLSFPRICLPIIVTASAFINFLIIFGLFVLFLIVTGNFPGMIFFEIIPVLIVQMLFTLGLGIILGVLNVFVRDVGQFVNILLQFWFWFTPIVYVSKTLPEWVSGLLAYNPMATIIGSYQNVMLYHQSPNWLALLPVTVLSVILFLFAWRLFKKHAADIVDEI
HGV2C_08_04956	MKYNLGYLFDLLVVITNKDLKVRYKSSMLGYLWSVANPLLFAMIYYFIFKLVMRVQIPNYTVFLITGLFPWQWFASSATNSLFSFIANAQIIKKTVFPRSVIPLSNVMMEGLHFLCTIPVIVVFLFVYGMTPSLSWVWGIPLIAIGQVIFTFGVSIIFSTLNLFFRDLERFVSLGIMLMFYCTPILYASDMIPEKFSWIITYNPLASMILSWRDLFMNGTLNYEYISILYFTGIILTVVGLSIFNKLKYRFAEIL
HGV2C_10_02864	MRDLLTTIYRYRGFIWSSVKRDFQARYQTSMLGALWLVLQPLSMILVYTLVFSEVMKARMPDNTGPFAYSIYLCSGVLTWGLFTEMLDKGQSVFINNANLIKKLSFPKICLPIIVTLSAVLNFAIIFSLFLIFIIVTGNFPGWLFLSVIPVLLLQILFAGGLGMILGVMNVFFRDVGQLVGVALQFWFWFTPIVYVLNSLPAWAKNLLLYNPMTRVMQSYQSIFAYHQAPNWYSLWPVLALAIIFCVIGFRMFRKHAADMVDEL
HGV2C_11_00408	MKYNLGYLFDLLVVITNKDLKVRYKSSMLGYLWSVANPLLFAMIYYFIFKLVMRVQIPNYTVFLITGLFPWQWFASSATNSLFSFIANAQIIKKTVFPRSVIPLSNVMMEGLHFLCTIPVIVVFLFVYGMTPSLSWVWGIPLIAIGQVIFTFGVSIIFSTLNLFFRDLERFVSLGIMLMFYCTPILYASDMIPEKFSWIITYNPLASMILSWRDLFMNGTLNYEYISILYFTGIILTVVGLSIFNKLKYRFAEIL
HGV2C_13_03923	MKYNLGYLFDLLVVITNKDLKVRYKSSMLGYLWSVANPLLFAMIYYFIFKLVMRVQIPNYTVFLITGLFPWQWFASSATNSLFSFIANAQIIKKTVFPRSVIPLSNVMMEGLHFLCTIPVIVVFLFVYGMTPSLSWVWGIPLIAIGQVIFTFGVSIIFSTLNLFFRDLERFVSLGIMLMFYCTPILYASDMIPEKFSWIITYNPLASMILSWRDLFMNGTLNYEYISILYFTGIILTVVGLSIFNKLKYRFAEIL
HGV2C_14_02805	MKYNLGYLFDLLVVITNKDLKVRYKSSMLGYLWSVANPLLFAMIYYFIFKLVMRVQIPNYTVFLITGLFPWQWFASSATNSLFSFIANAQIIKKTVFPRSVIPLSNVMMEGLHFLCTIPVIVVFLFVYGMTPSLSWIWGIPLIAIGQVIFTFGVSIIFSTLNLFFRDLERFVSLGIMLMFYCTPILYASDMIPEKFSWIITYNPLASMILSWRDLFMNGTLNYEYISILYFTGIILTVVGLSIFNKLKYRFAEIL
HGV2C_16_03907	MGRYKGSFLGLAWSLFNPILMLTVYTFVFSVIFKSRWGSSPDTGHADFAIILFTGLIIFNLFAECINRSTSLITSNVNFVKKVVFPIEILPIVNLLAALFHASISLIVLFIAILVFKHQLHFTVLLLPVITIPLMLSILGLSWILASLGVFVRDMPQTISIIVTILMFLSPVFYPLSALPVVFQKIVMLNPLAFMIEEARKVVYWGIEPNWTMLAINMLIGLVICAAGFLFFQKTKKGFADVI
HGV2C_17_00469	MGRYKGSFLGLAWSLFNPILMLTVYTFVFSVIFKSRWGSSPDTGHADFAIILFTGLIIFNLFAECINRSTSLITSNVNFVKKVVFPIEILPIVNLLAALFHASISLIVLFIAILVFKHQLHFTVLLLPVITIPLMLSILGLSWILASLGVFVRDMPQTISIIVTILMFLSPVFYPLSALPVVFQKIVMLNPLAFMIEEARKVVYWGIEPNWTMLAINMLIGLVICAAGFLFFQKTKKGFADVI
HGV2C_18_01238	MKYNLGYLFDLLVVITNKDLKVRYKSSMLGYLWSVANPLLFAMIYYFIFKLVMRVQIPNYTVFLITGLFPWQWFASSATNSLFSFIANAQIIKKTVFPRSVIPLSNVMMEGLHFLCTIPVIVVFLFVYGMTPSLSWVWGIPLIAIGQVIFTFGVSIIFSTLNLFFRDLERFVSLGIMLMFYCTPILYASDMIPEKFSWIITYNPLASMILSWRDLFMNGTLNYEYISILYFTGIILTVVGLSIFNKLKYRFAEIL
HGV2C_20_00464	MFSAIYRYRGFIIDSVKRDFQSRYQTSFLGAAWLILQPIAMISVYTLIFSELMRARLAGMDGPFAYSIYLCSGVLTWGLFTETLGNLVNVFLTNANILKKLSFPRICLPIIVTASAFINFLIIFGLFVLFLIVTGNFPGMIFFEIIPVLIVQMLFTLGLGIILGVLNVFVRDVGQFVNILLQFWFWFTPIVYVSKTLPEWVSGLLAYNPMATIIGSYQNVMLYHQSPNWLALLPVTVLSVILFLFAWRLFKKHAADIVDEI
HGV2C_21_04071	MLGALWLVLQPLSMILVYTLVFSEVMKARMPDNTGPFAYSIYLCSGVLTWGLFTEMLDKGQSVFINNANLIKKLSFPKICLPIIVTLSAVLNFAIIFSLFLIFIIVTGNFPGWLFFSVIPVLLLQILFAGGLGMILGVMNVFFRDVGQLVGVALQFWFWFTPIVYVLNSLPVWAKNLLLYNPMTRVMQSYQSIFAYHQAPNWYSLWPVLALAIIFCVIGFRMFRKHAADMVDEL
HGV2C_23_03180	MKYNLGYLFDLLVVITNKDLKVRYKSSMLGYLWSVANPLLFAMIYYFIFKLVMRVQIPNYTVFLITGLFPWQWFASSATNSLFSFIANAQIIKKTVFPRSVIPLSNVMMEGLHFLCTIPVIVVFLFVYGMTPSLSWVWGIPLIAIGQVIFTFGVSIIFSTLNLFFRDLERFVSLGIMLMFYCTPILYASDMIPEKFSWIITYNPLASMILSWRDLFMNGTLNYEYISILYFTGIILTVVGLSIFNKLKYRFAEIL
HGV2C_28_02418	MFSAIYRYRGFIIDSVKRDFQSRYQTSFLGAAWLILQPIAMISVYTLIFSELMRARLAGMDGPFAYSIYLCSGVLTWGLFTETLGNLVNVFLTNANILKKLSFPRICLPIIVTASAFINFLIIFGLFVLFLIVTGNFPGMIFFEIIPVLIVQMLFTLGLGIILGVLNVFVRDVGQFVNILLQFWFWFTPIVYVSKTLPEWVSGLLAYNPMATIIGSYQNVMLYHQSPNWLALLPVTVLSVILFLFAWRLFKKHAADIVDEI
HGV2C_33_04746	MFSAIYRYRGFIIDSVKRDFQSRYQTSFLGAAWLILQPIAMISVYTLIFSELMRARLAGMDGPFAYSIYLCSGVLTWGLFTETLGNLVNVFLTNANILKKLSFPRICLPIIVTASAFINFLIIFGLFVLFLIVTGNFPGMIFFEIIPVLIVQMLFTLGLGIILGVLNVFVRDVGQFVNILLQFWFWFTPIVYVSKTLPEWVSGLLAYNPMATIIGSYQNVMLYHQSPNWMALLPVTVVSVILFLFAWRLFKKHAADIVDEI
HGV2C_34_02276	MKYNLGYLFDLLVVITNKDLKVRYKSSMLGYLWSVANPLLFAMIYYFIFKLVMRVQIPNYTVFLITGLFPWQWFASSATNSLFSFIANAQIIKKTVFPRSVIPLSNVMMEGLHFLCTIPVIVVFLFVYGMTPSLSWVWGIPLIAIGQVIFTFGVSIIFSTLNLFFRDLERFVSLGIMLMFYCTPILYASDMIPEKFSWIITYNPLASMILSWRDLFMNGTLNYEYISILYFTGIILTVVGLSIFNKLKYRFAEIL
HGV2C_36_00657	MKYNLGYLFDLLVVITNKDLKVRYKSSMLGYLWSVANPLLFAMIYYFIFKLVMRVQIPNYTVFLITGLFPWQWFASSATNSLFSFIANAQIIKKTVFPRSVIPLSNVMMEGLHFLCTIPVIVVFLFVYGMTPSLSWVWGIPLIAIGQVIFTFGVSIIFSTLNLFFRDLERFVSLGIMLMFYCTPILYASDMIPEKFSWIITYNPLASMILSWRDLFMNGTLNYEYISILYFTGIILTVVGLSIFNKLKYRFAEIL
HGV2C_37_03586	MKYNLGYLFDLLVVITNKDLKVRYKSSMLGYLWSVANPLLFAMIYYFIFKLVMRVQIPNYTVFLITGLFPWQWFASSATNSLFSFIANAQIIKKTVFPRSVIPLSNVMMEGLHFLCTIPVIVVFLFVYGMTPSLSWIWGIPLIAIGQVIFTFGVSIIFSTLNLFFRDLERFVSLGIMLMFYCTPILYASDMIPEKFSWIITYNPLASMILSWRDLFMNGTLNYEYISILYFTGIILTVVGLSIFNKLKYRFAEIL
HGV2C_39_01354	MFSAIYRYRGFIIDSVKRDFQSRYQTSFLGAAWLILQPIAMISVYTLIFSELMRARLAGMDGPFAYSIYLCSGVLTWGLFTETLNSLVNVFLTNANILKKLSFPRICLPIIVTASAFINFLIIFGLFVLFLIVTGNFPGMIFFEIIPVLIVQMLFTLGLGIILGVLNVFVRDVGQFVNILLQFWFWFTPIVYVSKTLPEWVSGLLAYNPMATIIGSYQNVMLYHQSPNWMALLPVTVVSVILFLFAWRLFKKHAADIVDEI
HGV2_297_02105	MKYNLGYLFDLLVVITNKDLKVRYKSSMLGYLWSVANPLLFAMIYYFIFKLVMRVQIPNYTVFLITGLFPWQWFASSATNSLFSFIANAQIIKKTVFPRSVIPLSNVMMEGLHFLCTIPVIVVFLFVYGMSPSLSWVWGIPLIAIGQVIFTFGVSIIFSTLNLFFRDLERFVSLGIMLMFYCTPILYASDMIPEKFSWIITYNPLASMILSWRDLFMNGTLNYEYISILYFTGIILTVVGLSIFNKLKYRFAEIL
HGV2_332_05103	MFSAIYRYRGFIIDSVKRDFQSRYQTSFLGAAWLILQPIAMISVYTLIFSELMRARLAGMDGPFAYSIYLCSGVLTWGLFTETLNSLVNVFLTNANILKKLSFPRICLPIIVTASAFINFLIIFGLFVLFLIVTGNFPGMIFFEIIPVLIVQMLFTLGLGIILGVLNVFVRDVGQFVNILLQFWFWFTPIVYVSKTLPEWVSGLLAYNPMATIIGSYQNVMLYHQSPNWLALLPVTVLSVILFLFAWRLFKKHAADIVDEI
HGV2_370_05084	MFSAIYRYRGFIIDSVKRDFQSRYQTSFLGAAWLILQPIAMISVYTLIFSELMRARLAGMDGPFAYSIYLCSGVLTWGLFTETLNSLVNVFLTNANILKKLSFPRICLPIIVTASAFINFLIIFGLFVLFLIVTGNFPGMIFFEIIPVLIVQMLFTLGLGIILGVLNVFVRDVGQFVNILLQFWFWFTPIVYVSKTLPEWVSGLLAYNPMATIIGSYQNVMLYHQSPNWLALLPVTVLSVILFLFAWRLFKKHAADIVDEI
HGV2_371_00370	MKYNLGYLFDLLVVITNKDLKVRYKSSMLGYLWSVANPLLFAMIYYFIFKLVMRVQIPNYTVFLITGLFPWQWFASSATNSLFSFIANAQIIKKTVFPRSVIPLSNVMMEGLHFLCTIPVIVVFLFVYGMTPSLSWVWGIPLIAIGQVIFTFGVSIIFSTLNLFFRDLERFVSLGIMLMFYCTPILYASDMIPEKFSWIITYNPLASMILSWRDLFMNGTLNYEYISILYFTGIILTVVGLSIFNKLKYRFAEIL
HGV2_379_02535	MKYNLGYLFDLLVVITNKDLKVRYKSSMLGYLWSVANPLLFAMIYYFIFKLVMRVQIPNYTVFLITGLFPWQWFASSATNSLFSFIANAQIIKKTVFPRSVIPLSNVMMEGLHFLCTIPVIVVFLFVYGMTPSLSWVWGIPLIAIGQVIFTFGVSIIFSTLNLFFRDLERFVSLGIMLMFYCTPILYASDMIPEKFSWIITYNPLASMILSWRDLFMNGTLNYEYISILYFTGIILTVVGLSIFNKLKYRFAEIL
HGV2_398_03610	MKYNLGYLFDLLVVITNKDLKVRYKSSMLGYLWSVANPLLFAMIYYFIFKLVMRVQIPNYTVFLITGLFPWQWFASSATNSLFSFIANAQIIKKTVFPRSVIPLSNVMMEGLHFLCTIPVIVVFLFVYGMTPSLSWVWGIPLIAIGQVIFTFGVSIIFSTLNLFFRDLERFVSLGIMLMFYCTPILYASDMIPEKFSWIITYNPLASMILSWRDLFMNGTLNYEYISILYFTGIILTVVGLSIFNKLKYRFAEIL
HGV2_400_04843	MFSAIYRYRGFIIDSVKRDFQSRYQTSFLGAAWLILQPIAMISVYTLIFSELMRARLAGMDGPFAYSIYLCSGVLTWGLFTETLNSLVNVFLTNANILKKLSFPRICLPIIVTASAFINFLIIFGLFVLFLIVTGNFPGMIFFEIIPVLIVQMLFTLGLGIILGVLNVFVRDVGQFVNILLQFWFWFTPIVYVSKTLPEWVSGLLAYNPMATIIGSYQNVMLYHQSPNWLALLPVTVLSVILFLFAWRLFKKHAADIVDEI
HGV2_429_04397	MKYNLGYLFDLLVVITNKDLKVRYKSSMLGYLWSVANPLLFAMIYYFIFKLVMRVQIPNYTVFLITGLFPWQWFASSATNSLFSFIANAQIIKKTVFPRSVIPLSNVMMEGLHFLCTIPVIVVFLFVYGMTPSLSWVWGIPLIAIGQVIFTFGVSIIFSTLNLFFRDLERFVSLGIMLMFYCTPILYASDMIPEKFSWIITYNPLASMILSWRDLFMNGTLNYEYISILYFTGIILTVVGLSIFNKLKYRFAEIL
HGV2_430_03353	MKNPHQKPSLSPLDIVKSIYTHRSIILQMTKRDVIGRYKGSVMGVLWSFLNPLFMLTVYTFVFSVVFKARWSTGGDESRTQFAIILFVGMIVHGFFGEVINRAPQIILNNTNYVKKVIFPLETLSVISLVAALFHTAISLLVLLTAFVIFNGFIHWTIIFIPLVFLPLVIFSLGLSWILASLGVFLRDVSQTTVIITTVLMFLSPVFFPISALPEKYHIWIMLNPLTFIIEQARTVLIWGGVPNFMGILLYTVGASIVAWLGFVFFQKTRKGFADVL
HGV2_431_04065	MGRYKGSFLGLAWSLFNPILMLTVYTFVFSVIFKSRWGSSPDTGHADFAIILFTGLIIFNLFAECINRSTSLITSNVNFVKKVVFPIEILPIVNLLAALFHASISLIVLFIAILVFKHQLHFTVLLLPVITIPLMLSILGLSWILASLGVFVRDMPQTISIIVTILMFLSPVFYPLSALPVVFQKIVMLNPLAFMIEEARKVVYWGIEPNWTMLAINMLIGLVICAAGFLFFQKTKKGFADVI
HLF1_17_03629	MKYNLGYLFDLLVVITNKDLKVRYKSSMLGYLWSVANPLLFAMIYYFIFKLVMRVQIPNYTVFLITGLFPWQWFASSATNSLFSFIANAQIIKKTVFPRSVIPLSNVMMEGLHFLCTIPVIVVFLFVYGMTPSLSWVWGIPLIAIGQVIFTFGVSIIFSTLNLFFRDLERFVSLGIMLMFYCTPILYASDMIPEKFSWIITYNPLASMILSWRDLFMNGTLNYEYISILYFTGIILTVVGLSIFNKLKYRFAEIL
HLF1_40_04741	MKYNLGYLFDLLVVITNKDLKVRYKSSMLGYLWSVANPLLFAMIYYFIFKLVMRVQIPNYTVFLITGLFPWQWFASSATNSLFSFIANAQIIKKTVFPRSVIPLSNVMMEGLHFLCTIPVIVVFLFVYGMTPSLSWVWGIPLIAIGQVIFTFGVSIIFSTLNLFFRDLERFVSLGIMLMFYCTPILYASDMIPEKFSWIITYNPLASMILSWRDLFMNGTLNYEYISILYFTGIILTVVGLSIFNKLKYRFAEIL
HLF1_54_04333	MKNPHQKPSLSPLDIVKSIYTHRSIILQMTKRDVIGRYKGSVMGVLWSFLNPLFMLTVYTFVFSVVFKARWSTGGDESRTQFAIILFVGMIVHGFFGEVINRAPQIILNNTNYVKKVIFPLETLSVISLVAALFHTAISLLVLLTAFVIFNGFIHWTIIFIPLVFLPLVIFSLGLSWILASLGVFLRDVSQTTVIITTVLMFLSPVFFPISALPEKYHIWIMLNPLTFIIEQARTVLIWGGVPNFMGILLYTVGASIVAWLGFVFFQKTRKGFADVL
HLF1_68_04850	MKYNLGYLFDLLVVITNKDLKVRYKSSMLGYLWSVANPLLFAMIYYFIFKLVMRVQIPNYTVFLITGLFPWQWFASSATNSLFSFIANAQIIKKTVFPRSVIPLSNVMMEGLHFLCTIPVIVVFLFVYGMTPSLSWVWGIPLIAIGQVIFTFGVSIIFSTLNLFFRDLERFVSLGIMLMFYCTPILYAVDMIPEKFSWIITYNPLASMILSWRDLFMNGTLNYEYISILYFTGIILTVVGLSIFNKLKYRFAEIL
KP_HGE01_003_01109	MKYNLGYLFDLLVVITNKDLKVRYKSSMLGYLWSVANPLLFAMIYYFIFKLVMRVQIPNYTVFLITGLFPWQWFASSATNSLFSFIANAQIIKKTVFPRSVIPLSNVMMEGLHFLCTIPVIVVFLFVYGMTPSLSWVWGIPLIAIGQVIFTFGVSIIFSTLNLFFRDLERFVSLGIMLMFYCTPILYASDMIPEKFSWIITYNPLASMILSWRDLFMNGTLNYEYISILYFTGIILTVVGLSIFNKLKYRFAEIL
KP_HGE01_004_02455	MKYNLGYLFDLLVVITNKDLKVRYKSSMLGYLWSVANPLLFAMIYYFIFKLVMRVQIPNYTVFLITGLFPWQWFASSATNSLFSFIANAQIIKKTVFPRSVIPLSNVMMEGLHFLCTIPVIVVFLFVYGMTPSLSWVWGIPLIAIGQVIFTFGVSIIFSTLNLFFRDLERFVSLGIMLMFYCTPILYASDMIPEKFSWIITYNPLASMILSWRDLFMNGTLNYEYISILYFTGIILTVVGLSIFNKLKYRFAEIL
KP_HGE01_005_05047	MKYNLGYLFDLLVVITNKDLKVRYKSSMLGYLWSVANPLLFAMIYYFIFKLVMRVQIPNYTVFLITGLFPWQWFASSATNSLFSFIANAQIIKKTVFPRSVIPLSNVMMEGLHFLCTIPVIVVFLFVYGMTPSLSWVWGIPLIAIGQVIFTFGVSIIFSTLNLFFRDLERFVSLGIMLMFYCTPILYASDMIPEKFSWIITYNPLASMILSWRDLFMNGTLNYEYISILYFTGIILTVVGLSIFNKLKYRFAEIL
KP_HGE01_014_04491	MGRYKGSFLGLAWSLFNPILMLTVYTFVFSVIFKSRWGSSPDTGHADFAIILFTGLIIFNLFAECINRSTSLITSNVNFVKKVVFPIEILPIVNLLAALFHASISLIVLFIAILVFKHQLHFTVLLLPVITIPLMLSILGLSWILASLGVFVRDMPQTISIIVTILMFLSPVFYPLSALPVVFQKIVMLNPLAFMIEEARKVVYWGIEPNWTMLAINMLIGLVICAAGFLFFQKTKKGFADVI
KP_HGE01_017_04701	MFSAIYRYRGFIIDSVKRDFQSRYQTSFLGAAWLILQPIAMISVYTLIFSELMRARLAGMDGPFAYSIYLCSGVLTWGLFTETLGNLVNVFLTNANILKKLSFPRICLPIIVTASAFINFLIIFGLFVLFLIVTGNFPGMIFFEIIPVLIVQMLFTLGLGIILGVLNVFVRDVGQFVNILLQFWFWFTPIVYVSKTLPEWVSGLLAYNPMATIIGSYQNVMLYHQSPNWLALLPVTVLSVILFLFAWRLFKKHAADIVDEI
KP_HGE01_024_03902	MKYNLGYLFDLLVVITNKDLKVRYKSSMLGYLWSVANPLLFAMIYYFIFKLVMRVQIPNYTVFLITGLFPWQWFASSATNSLFSFIANAQIIKKTVFPRSVIPLSNVMMEGLHFLCTIPVIVVFLFVYGMTPSLSWVWGIPLIAIGQVIFTFGVSIIFSTLNLFFRDLERFVSLGIMLMFYCTPILYASDMIPEKFSWIITYNPLASMILSWRDLFMNGTLNYEYISILYFTGIILTVVGLSIFNKLKYRFAEIL
KP_HGE01_025_04022	MKYNLGYLFDLLVVITNKDLKVRYKSSMLGYLWSVANPLLFAMIYYFIFKLVMRVQIPNYTVFLITGLFPWQWFASSATNSLFSFIANAQIIKKTVFPRSVIPLSNVMMEGLHFLCTIPVIVVFLFVYGMTPSLSWVWGIPLIAIGQVIFTFGVSIIFSTLNLFFRDLERFVSLGIMLMFYCTPILYASDMIPEKFSWIITYNPLASMILSWRDLFMNGTLNYEYISILYFTGIILTVVGLSIFNKLKYRFAEIL
KP_HGE01_029_02801	MKYNLGYLFDLLVVITNKDLKVRYKSSMLGYLWSVANPLLFAMIYYFIFKLVMRVQIPNYTVFLITGLFPWQWFASSATNSLFSFIANAQIIKKTVFPRSVIPLSNVMMEGLHFLCTIPVIVVFLFVYGMTPSLSWVWGIPLIAIGQVIFTFGVSIIFSTLNLFFRDLERFVSLGIMLMFYCTPILYASDMIPEKFSWIITYNPLASMILSWRDLFMNGTLNYEYISILYFTGIILTVVGLSIFNKLKYRFAEIL
KP_HGE01_039_01709	MFSAIYRYRGFIIDSVKRDFQSRYQTSFLGAAWLILQPIAMISVYTLIFSELMRARLAGMDGPFAYSIYLCSGVLTWGLFTETLNSLVNVFLTNANILKKLSFPRICLPIIVTASAFINFLIIFGLFVLFLIVTGNFPGMIFFEIIPVLIVQMLFTLGLGIILGVLNVFVRDVGQFVNILLQFWFWFTPIVYVSKTLPEWVSGLLAYNPMATIIGSYQNVMLYHQSPNWLALLPVTVLSVILFLFAWRLFKKHAADIVDEI
KP_HGE01_040_02037	MFSAIYRYRGFIIDSVKRDFQSRYQTSFLGAAWLILQPIAMISVYTLIFSELMRARLAGMDGPFAYSIYLCSGVLTWGLFTETLNSLVNVFLTNANILKKLSFPRICLPIIVTASAFINFLIIFGLFVLFLIVTGNFPGMIFFEIIPVLIVQMLFTLGLGIILGVLNVFVRDVGQFVNILLQFWFWFTPIVYVSKTLPEWVSGLLAYNPMATIIGSYQNVMLYHQSPNWLALLPVTVLSVILFLFAWRLFKKHAADIVDEI
KP_HGE01_042_00054	MKYNLGYLFDLLVVITNKDLKVRYKSSMLGYLWSVANPLLFAMIYYFIFKLVMRVQIPNYTVFLITGLFPWQWFASSATNSLFSFIANAQIIKKTVFPRSVIPLSNVMMEGLHFLCTIPVIVVFLFVYGMTPSLSWVWGIPLIAIGQVIFTFGVSIIFSTLNLFFRDLERFVSLGIMLMFYCTPILYASDMIPEKFSWIITYNPLASMILSWRDLFMNGTLNYEYISILYFTGIILTVVGLSIFNKLKYRFAEIL
KP_HGE01_044_02813	MFSAIYRYRGFIIDSVKRDFQSRYQTSFLGAAWLILQPIAMISVYTLIFSELMRARLAGMDGPFAYSIYLCSGVLTWGLFTETLNSLVNVFLTNANILKKLSFPRICLPIIVTASAFINFLIIFGLFVLFLIVTGNFPGMIFFEIIPVLIVQMLFTLGLGIILGVLNVFVRDVGQFVNILLQFWFWFTPIVYVSKTLPEWVSGLLAYNPMATIIGSYQNVMLYHQSPNWLALLPVTVLSVILFLFAWRLFKKHAADIVDEI
KP_HGE01_045_02061	MKYNLGYLFDLLVVITNKDLKVRYKSSMLGYLWSVANPLLFAMIYYFIFKLVMRVQIPNYTVFLITGLFPWQWFASSATNSLFSFIANAQIIKKTVFPRSVIPLSNVMMEGLHFLCTIPVIVVFLFVYGMTPSLSWVWGIPLIAIGQVIFTFGVSIIFSTLNLFFRDLERFVSLGIMLMFYCTPILYASDMIPEKFSWIITYNPLASMILSWRDLFMNGTLNYEYISILYFTGIILTVVGLSIFNKLKYRFAEIL
KP_HGUA02_051_03781	MFSAIYRYRGFIIDSVKRDFQSRYQTSFLGAAWLILQPIAMISVYTLIFSELMRARLAGMDGPFAYSIYLCSGVLTWGLFTETLNSLVNVFLTNANILKKLSFPRICLPIIVTASAFINFLIIFGLFVLFLIVTGNFPGMIFFEIIPVLIVQMLFTLGLGIILGVLNVFVRDVGQFVNILLQFWFWFTPIVYVSKTLPEWVSGLLAYNPMATIIGSYQNVMLYHQSPNWLALLPVTVLSVILFLFAWRLFKKHAADIVDEI
KP_HGUA02_054_00050	MFSAIYRYRGFIIDSVKRDFQSRYQTSFLGAAWLILQPIAMISVYTLIFSELMRARLAGMDGPFAYSIYLCSGVLTWGLFTETLGNLVNVFLTNANILKKLSFPRICLPIIVTASAFINFLIIFGLFVLFLIVTGNFPGMIFFEIIPVLIVQMLFTLGLGIILGVLNVFVRDVGQFVNILLQFWFWFTPIVYVSKTLPEWVSGLLAYNPMATIIGSYQNVMLYHQSPNWMALLPVTVVSVILFLFAWRLFKKHAADIVDEI
KP_HGUA02_055_04038	MKYNLGYLFDLLVVITNKDLKVRYKSSMLGYLWSVANPLLFAMIYYFIFKLVMRVQIPNYTVFLITGLFPWQWFASSATNSLFSFIANAQIIKKTVFPRSVIPLSNVMMEGLHFLCTIPVIVVFLFVYGMSPSLSWVWGIPLIAIGQVIFTFGVSIIFSTLNLFFRDLERFVSLGIMLMFYCTPILYASDMIPEKFSWIITYNPLASMILSWRDLFMNGTLNYEYISILYFTGIILTVVGLSIFNKLKYRFAEIL
KP_HGUA02_059_01386	MKNPHQKPSLSPLDIVKSIYTHRSIILQMTKRDVIGRYKGSVMGVLWSFLNPLFMLTVYTFVFSVVFKARWSTGGDESRTQFAIILFVGMIVHGFFGEVINRAPQIILNNTNYVKKVIFPLETLSVISLVAALFHTAISLLVLLTAFVIFNGFINWTIIFIPLVFLPLVIFSLGLSWILASLGVFLRDVSQTTVIITTVLMFLSPVFFPISALPEKYHIWIMLNPLTFIIEQARTVLIWGGVPNFMGILLYTVGASIVAWLGFVFFQKTRKGFADVL
KP_HGUA02_064_04942	MFSAIYRYRGFIIDSVKRDFQSRYQTSFLGAAWLILQPIAMISVYTLIFSELMRARLAGMDGPFAYSIYLCSGVLTWGLFTETLNSLVNVFLTNANILKKLSFPRICLPIIVTASAFINFLIIFGLFVLFLIVTGNFPGMIFFEIIPVLIVQMLFTLGLGIILGVLNVFVRDVGQFVNILLQFWFWFTPIVYVSKTLPEWVSGLLAYNPMATIIGSYQNVMLYHQSPNWLALLPVTVLSVILFLFAWRLFKKHAADIVDEI
KP_HGUA02_066_03498	MKYNLGYLFDLLVVITNKDLKVRYKSSMLGYLWSVANPLLFAMIYYFIFKLVMRVQIPNYTVFLITGLFPWQWFASSATNSLFSFIANAQIIKKTVFPRSVIPLSNVMMEGLHFLCTIPVIVVFLFVYGMSPSLSWVWGIPLIAIGQVIFTFGVSIIFSTLNLFFRDLERFVSLGIMLMFYCTPILYASDMIPEKFSWIITYNPLASMILSWRDLFMNGTLNYEYISILYFTGIILTVVGLSIFNKLKYRFAEIL
KP_HGUA02_068_04521	MRDLLTTIYRYRGFIWSSVKRDFQARYQTSMLGALWLVLQPLSMILVYTLVFSEVMKARMPDNTGPFAYSIYLCSGVLTWGLFTEMLDKGQSVFINNANLIKKLSFPKICLPIIVTLSAVLNFAIIFSLFLIFIIVTGNFPGWLFLSVIPVLLLQILFAGGLGMILGVMNVFFRDVGQLVGVALQFWFWFTPIVYVLNSLPAWAKNLLLYNPMTRVMQSYQSIFAYHQAPNWYSLWPVLALAIIFCVIGFRMFRKHAADMVDEL
KP_HGUA02_071_03970	MFSAIYRYRGFIIDSVKRDFQSRYQTSFLGAAWLILQPIAMISVYTLIFSELMRARLAGMDGPFAYSIYLCSGVLTWGLFTETLGNLVNVFLTNANILKKLSFPRICLPIIVTASAFINFLIIFGLFVLFLIVTGNFPGMIFFEIIPVLIVQMLFTLGLGIILGVLNVFVRDVGQFVNILLQFWFWFTPIVYVSKTLPEWVSGLLAYNPMATIIGSYQNVMLYHQSPNWMALLPVTVVSVILFLFAWRLFKKHAADIVDEI
KP_HGUA02_073_03610	MFSAIYRYRGFIIDSVKRDFQSRYQTSFLGAAWLILQPIAMISVYTLIFSELMRARLAGMDGPFAYSIYLCSGVLTWGLFTETLNSLVNVFLTNANILKKLSFPRICLPIIVTASAFINFLIIFGLFVLFLIVTGNFPGMIFFEIIPVLIVQMLFTLGLGIILGVLNVFVRDVGQFVNILLQFWFWFTPIVYVSKTLPEWVSGLLAYNPMATIIGSYQNVMLYHQSPNWLALLPVTVLSVILFLFAWRLFKKHAADIVDEI
KP_HGUA02_074_01673	MKYNLGYLFDLLVVITNKDLKVRYKSSMLGYLWSVANPLLFAMIYYFIFKLVMRVQIPNYTVFLITGLFPWQWFASSATNSLFSFIANAQIIKKTVFPRSVIPLSNVMMEGLHFLCTIPVIVVFLFVYGMTPSLSWVWGIPLIAIGQVIFTFGVSIIFSTLNLFFRDLERFVSLGIMLMFYCTPILYASDMIPEKFSWIITYNPLASMILSWRDLFMNGTLNYEYISILYFTGIILTVVGLSIFNKLKYRFAEIL
KP_HGUA02_089_03820	MFSAIYRYRGFIIDSVKRDFQSRYQTSFLGAAWLILQPIAMISVYTLIFSELMRARLAGMDGPFAYSIYLCSGVLTWGLFTETLNSLVNVFLTNANILKKLSFPRICLPIIVTASAFINFLIIFGLFVLFLIVTGNFPGMIFFEIIPVLIVQMLFTLGLGIILGVLNVFVRDVGQFVNILLQFWFWFTPIVYVSKTLPEWVSGLLAYNPMATIIGSYQNVMLYHQSPNWLALLPVTVLSVILFLFAWRLFKKHAADIVDEI
KP_HGUA02_092_02877	MKYNLGYLFDLLVVITNKDLKVRYKSSMLGYLWSVANPLLFAMIYYFIFKLVMRVQIPNYTVFLITGLFPWQWFASSATNSLFSFIANAQIIKKTVFPRSVIPLSNVMMEGLHFLCTIPVIVVFLFVYGMTPSLSWIWGIPLIAIGQVIFTFGVSIIFSTLNLFFRDLERFVSLGIMLMFYCTPILYASDMIPEKFSWIITYNPLASMILSWRDLFMNGTLNYEYISILYFTGIILTVVGLSIFNKLKYRFAEIL
KP_HGUA02_099_00408	MKNPHQKPSLSPLDIVKSIYTHRSIILQMTKRDVIGRYKGSVMGVLWSFLNPLFMLTVYTFVFSVVFKARWSTGGDESRTQFAIILFVGMIVHGFFGEVINRAPQIILNNTNYVKKVIFPLETLSVISLVAALFHTAISLLVLLTAFVIFNGFIHWTIIFIPLVFLPLVIFSLGLSWILASLGVFLRDVSQTTVIITTVLMFLSPVFFPISALPEKYHIWIMLNPLTFIIEQARTVLIWGGVPNFMGILLYTVGASIVAWLGFVFFQKTRKGFADVL
KP_HGUA03_108_00554	MKYNLGYLFDLLVVITNKDLKVRYKSSMLGYLWSVANPLLFAMIYYFIFKLVMRVQIPNYTVFLITGLFPWQWFASSATNSLFSFIANAQIIKKTVFPRSVIPLSNVMMEGLHFLCTIPVIVVFLFVYGMTPSLSWVWGIPLIAIGQVIFTFGVSIIFSTLNLFFRDLERFVSLGIMLMFYCTPILYASDMIPEKFSWIITYNPLASMILSWRDLFMNGTLNYEYISILYFTGIILTVVGLSIFNKLKYRFAEIL
KP_HGUA03_117_04660	MKYNLGYLFDLLVVITNKDLKVRYKSSMLGYLWSVANPLLFAMIYYFIFKLVMRVQIPNYTVFLITGLFPWQWFASSATNSLFSFIANAQIIKKTVFPRSVIPLSNVMMEGLHFLCTIPVIVVFLFVYGMTPSLSWVWGIPLIAIGQVIFTFGVSIIFSTLNLFFRDLERFVSLGIMLMFYCTPILYASDMIPEKFSWIITYNPLASMILSWRDLFMNGTLNYEYISILYFTGIILTVVGLSIFNKLKYRFAEIL
KP_HGUA03_124_01576	MRDLLTTIYRYRGFIWSSVKRDFQARYQTSMLGALWLVLQPLSMILVYTLVFSEVMKARMPDNTGPFAYSIYLCSGVLTWGLFTEMLDKGQSVFINNANLIKKLSFPKICLPIIVTLSAVLNFAIIFSLFLIFIIVTGNFPGWLFLSVIPVLLLQILFAGGLGMILGVMNVFFRDVGQLVGVALQFWFWFTPIVYVLNSLPAWAKNLLLYNPMTRVMQSYQSIFAYHQAPNWYSLWPVLALAIIFCVIGFRMFRKHAADMVDEL
KP_HGUA03_147_04500	MKYNLGYLFDLLVVITNKDLKVRYKSSMLGYLWSVANPLLFAMIYYFIFKLVMRVQIPNYTVFLITGLFPWQWFASSATNSLFSFIANAQIIKKTVFPRSVIPLSNVMMEGLHFLCTIPVIVVFLFVYGMTPSLSWVWGIPLIAIGQVIFTFGVSIIFSTLNLFFRDLERFVSLGIMLMFYCTPILYASDMIPEKFSWIITYNPLASMILSWRDLFMNGTLNYEYISILYFTGIILTVVGLSIFNKLKYRFAEIL
Kpcas024_04900	MFSAIYRYRGFIIDSVKRDFQSRYQTSFLGAAWLILQPIAMISVYTLIFSELMRARLAGMDGPFAYSIYLCSGVLTWGLFTETLNSLVNVFLTNANILKKLSFPRICLPIIVTASAFINFLIIFGLFVLFLIVTGNFPGMIFFEIIPVLIVQMLFTLGLGIILGVLNVFVRDVGQFVNILLQFWFWFTPIVYVSKTLPEWVSGLLAYNPMATIIGSYQNVMLYHQSPNWLALLPVTVLSVILFLFAWRLFKKHAADIVDEI
Kpcas027_01568	MKYNLGYLFDLLVVITNKDLKVRYKSSMLGYLWSVANPLLFAMIYYFIFKLVMRVQIPNYTVFLITGLFPWQWFASSATNSLFSFIANAQIIKKTVFPRSVIPLSNVMMEGLHFLCTIPVIVVFLFVYGMTPSLSWVWGIPLIAIGQVIFTFGVSIIFSTLNLFFRDLERFVSLGIMLMFYCTPILYASDMIPEKFSWIITYNPLASMILSWRDLFMNGTLNYEYISILYFTGIILTVVGLSIFNKLKYRFAEIL
Kpcas039_01407	MKYNLGYLFDLLVVITNKDLKVRYKSSMLGYLWSVANPLLFAMIYYFIFKLVMRVQIPNYTVFLITGLFPWQWFASSATNSLFSFIANAQIIKKTVFPRSVIPLSNVMMEGLHFLCTIPVIVVFLFVYGMTPSLSWVWGIPLIAIGQVIFTFGVSIIFSTLNLFFRDLERFVSLGIMLMFYCTPILYASDMIPEKFSWIITYNPLASMILSWRDLFMNGTLNYEYISILYFTGIILTVVGLSIFNKLKYRFAEIL
Kpcas042_01817	MGRYKGSFLGLAWSLFNPILMLTVYTFVFSVIFKSRWGSSPDTGHADFAIILFTGLIIFNLFAECINRSTSLITSNVNFVKKVVFPIEILPIVNLLAALFHASISLIVLFIAILVFKHQLHFTVLLLPVITIPLMLSILGLSWILASLGVFVRDMPQTISIIVTILMFLSPVFYPLSALPVVFQKIVMLNPLAFMIEEARKVVYWGIEPNWTMLAINMLIGLVICAAGFLFFQKTKKGFADVI
Kpcas048_03473	MKYNLGYLFDLLVVITNKDLKVRYKSSMLGYLWSVANPLLFAMIYYFIFKLVMRVQIPNYTVFLITGLFPWQWFASSATNSLFSFIANAQIIKKTVFPRSVIPLSNVMMEGLHFLCTIPVIVVFLFVYGMTPSLSWVWGIPLIAIGQVIFTFGVSIIFSTLNLFFRDLERFVSLGIMLMFYCTPILYASDMIPEKFSWIITYNPLASMILSWRDLFMNGTLNYEYISILYFTGIILTVVGLSIFNKLKYRFAEIL
Kpcas054_00101	MKYNLGYLFDLLVVITNKDLKVRYKSSMLGYLWSVANPLLFAMIYYFIFKLVMRVQIPNYTVFLITGLFPWQWFASSATNSLFSFIANAQIIKKTVFPRSVIPLSNVMMEGLHFLCTIPVIVVFLFVYGMTPSLSWVWGIPLIAIGQVIFTFGVSIIFSTLNLFFRDLERFVSLGIMLMFYCTPILYASDMIPEKFSWIITYNPLASMILSWRDLFMNGTLNYEYISILYFTGIILTVVGLSIFNKLKYRFAEIL
Kpcas083_01476	MKYNLGYLFDLLVVITNKDLKVRYKSSMLGYLWSVANPLLFAMIYYFIFKLVMRVQIPNYTVFLITGLFPWQWFASSATNSLFSFIANAQIIKKTVFPRSVIPLSNVMMEGLHFLCTIPVIVVFLFVYGMTPSLSWVWGIPLIAIGQVIFTFGVSIIFSTLNLFFRDLERFVSLGIMLMFYCTPILYASDMIPEKFSWIITYNPLASMILSWRDLFMNGTLNYEYISILYFTGIILTVVGLSIFNKLKYRFAEIL
Kpcas091_00990	MKYNLGYLFDLLVVITNKDLKVRYKSSMLGYLWSVANPLLFAMIYYFIFKLVMRVQIPNYTVFLITGLFPWQWFASSATNSLFSFIANAQIIKKTVFPRSVIPLSNVMMEGLHFLCTIPVIVVFLFVYGMTPSLSWVWGIPLIAIGQVIFTFGVSIIFSTLNLFFRDLERFVSLGIMLMFYCTPILYASDMIPEKFSWIITYNPLASMILSWRDLFMNGTLNYEYISILYFTGIILTVVGLSIFNKLKYRFAEIL
Kpcas111_04700	MKYNLGYLFDLLVVITNKDLKVRYKSSMLGYLWSVANPLLFAMIYYFIFKLVMRVQIPNYTVFLITGLFPWQWFASSATNSLFSFIANAQIIKKTVFPRSVIPLSNVMMEGLHFLCTIPVIVVFLFVYGMTPSLSWVWGIPLIAIGQVIFTFGVSIIFSTLNLFFRDLERFVSLGIMLMFYCTPILYASDMIPEKFSWIITYNPLASMILSWRDLFMNGTLNYEYISILYFTGIILTVVGLSIFNKLKYRFAEIL
Moliner_02_04888	MFSAIYRYRGFIIDSVKRDFQSRYQTSFLGAAWLILQPIAMISVYTLIFSELMRARLAGMDGPFAYSIYLCSGVLTWGLFTETLNSLVNVFLTNANILKKLSFPRICLPIIVTASAFINFLIIFGLFVLFLIVTGNFPGMIFFEIIPVLIVQMLFTLGLGIILGVLNVFVRDVGQFVNILLQFWFWFTPIVYVSKTLPEWVSGLLAYNPMATIIGSYQNVMLYHQSPNWLALLPVTVLSVILFLFAWRLFKKHAADIVDEI
Moliner_03_01732	MFSAIYRYRGFIIDSVKRDFQSRYQTSFLGAAWLILQPIAMISVYTLIFSELMRARLAGMDGPFAYSIYLCSGVLTWGLFTETLNSLVNVFLTNANILKKLSFPRICLPIIVTASAFINFLIIFGLFVLFLIVTGNFPGMIFFEIIPVLIVQMLFTLGLGIILGVLNVFVRDVGQFVNILLQFWFWFTPIVYVSKTLPEWVSGLLAYNPMATIIGSYQNVMLYHQSPNWMALLPVTVVSVILFLFAWRLFKKHAADIVDEI
Moliner_08_05035	MFSAIYRYRGFIIDSVKRDFQSRYQTSFLGAAWLILQPIAMISVYTLIFSELMRARLAGMDGPFAYSIYLCSGVLTWGLFTETLNSLVNVFLTNANILKKLSFPRICLPIIVTASAFINFLIIFGLFVLFLIVTGNFPGMIFFEIIPVLIVQMLFTLGLGIILGVLNVFVRDVGQFVNILLQFWFWFTPIVYVSKTLPEWVSGLLAYNPMATIIGSYQNVMLYHQSPNWLALLPVTVLSVILFLFAWRLFKKHAADIVDEI
NTUH_03278	MKYNLGYLFDLLVVITNKDLKVRYKSSMLGYLWSVANPLLFAMIYYFIFKLVMRVQIPNYTVFLITGLFPWQWFASSATNSLFSFIANAQIIKKTVFPRSVIPLSNVMMEGLHFLCTIPVIVVFLFVYGMTPSLSWVWGIPLIAIGQVIFTFGVSIIFSTLNLFFRDLERFVSLGIMLMFYCTPILYASDMIPEKFSWIITYNPLASMILSWRDLFMNGTLNYEYISILYFTGIILTVVGLSIFNKLKYRFAEIL
sampleK3_01635	MKYNLGYLFDLLVVITNKDLKVRYKSSMLGYLWSVANPLLFAMIYYFIFKLVMRVQIPNYTVFLITGLFPWQWFASSATNSLFSFIANAQIIKKTVFPRSVIPLSNVMMEGLHFLCTIPVIVVFLFVYGMTPSLSWVWGIPLIAIGQVIFTFGVSIIFSTLNLFFRDLERFVSLGIMLMFYCTPILYASDMIPEKFSWIITYNPLASMILSWRDLFMNGTLNYEYISILYFTGIILTVVGLSIFNKLKYRFAEIL
sampleK4_04630	MKYNLGYLFDLLVVITNKDLKVRYKSSMLGYLWSVANPLLFAMIYYFIFKLVMRVQIPNYTVFLITGLFPWQWFASSATNSLFSFIANAQIIKKTVFPRSVIPLSNVMMEGLHFLCTIPVIVVFLFVYGMTPSLSWVWGIPLIAIGQVIFTFGVSIIFSTLNLFFRDLERFVSLGIMLMFYCTPILYASDMIPEKFSWIITYNPLASMILSWRDLFMNGTLNYEYISILYFTGIILTVVGLSIFNKLKYRFAEIL
