102KP-HG_04512	MAEKIISIFGLIFVTSFVAKYVGPSIYGDIALSLSIFQLIQIVSLMGSDVIIFKRISKNINSGVSLIKATGRIRLLIYLILSAPVLIYFFSSSGYIYILASFLSCMFLSLDVYAIYYDACLRSKVNTIINIFGLIFSLGIRWAIAFFKYPAEWLFVPIVLTSFVPFLCRFIFFQLYEGAVKLTKKKKGLYTKHLLSSGSAFVLTSISVALYTRMSIFLLGYLQGKDVVGIFSIAATLATSWSFILYAFITSSLPSIFSEKDKLLAEKKTANLNVLIIMMSFGVIFLAIILAKKFILYFYGVEYTDAFYPLVILCFSTMLSALGAIAARYIAYFSGYSFLSKKTLVVTMLSVILNYLFIYKWGMLGAAVSTLLVELFSLTILNYFFARGVVYKLHKRTVVYGIKFKFK
1210_01764	MLKIKGKSLGSILKSRNEAFYNSLWLLSERVITILFTFTVGIFLARYLGPNDFGVYNYLISIITLLSPLTALGLNAVVVRDLVDAQREDHDDTNVILGTSCVLRFFGGLFACASLLFVDIYFNISQNNTLWLVLLASANIFSCFQVVDFWLQSKVNSKYSAILRLSIFITSSLVKLISIIFFSCGLKTILIIQTFEVLASGVLYVPLYKYLKGKIFNWSYNKNKAKTLMSKSWWLILSGVAEVLYLKIDQIMLGMINGYSTVATYAVAARLSEAWYFFPTIITASFFPLLILAKKESEEKYKHTLLDLSRKLFFCALIISIFITIIAHTAINILYGEAYAESATILIIHIWASLFVFMRAVLSKWLVIENMLPFSLVTHISGAIVNIILNLILIPKMGGIGSAIATVISYSISSYFSLFIFKRTRVMGWIMTKAIFTCFLIFRGKNETIHK
132_02465	MAMALVIINLGMLLRDLGTSSAIIRQKELTNDLINTVFWVNVLMGCIFALLVILGSPVISEIYKQPRLIEVLISMSIIFPLSSSASAHLALLQRESKFKVISFIEIFSSTVSVILALIAAKMGFGVYSLVIQAVSLNLISAIQFWICSKWHPSFSKIIVYHELKKIFGFSANVSLFNIINYFARNADSFIIGRYMSIVVLGSYNLAYRIMLFPLQSLTFVATRSLYPVLSHHQDDNKKIASIYLNCTFFVLFLSAPLMSGIAVLSVPFVNWVFGPQWHITANILTWLAPIGIMQSVLSTTGSVFMAKNKTRTLLYLGIFGTLLQLTSFIIGAKLDIVSFVKLYFIANVINFFPAMYFVFKILDSSIVVFLKKILPIILSTLLMVSAIYIYLQSLVARSDVFIVLTSTCIGVVVYFLASFFSSSDIRELIIKKISKKQHQSF
1446_02268	MNLLSNAKWNAFSQFFKICVQLVNVIYLAKIIPPSEYGLMAMALVIINLGMLLRDLGTSSAIIRQKELTNDLINTVFWVNVLMGCIFALLVILGSPVISEIYKQPRLIEVLISMSIIFPLSSSASAHLALLQRESKFKVISFIEIFSSTVSVILALIAAKMGFGVYSLVIQAVSLNLISAIQFWICSKWHPSFSKIIVYHELKKIFGFSANVSLFNIINYFARNADSFIIGRYMSIVVLGSYNLAYRIMLFPLQSLTFVATRSLYPVLSHHQDDNKKIASIYLNCTFFVLFLSAPLMSGIAVLSVPFVNWVFGPQWHITANILTWLAPIGIMQSVLSTTGSVFMAKNKTRTLLYLGIFGTLLQLTSFIIGAKLDIVSFVKLYFIANVINFFPAMYFVFKILDSSIVVFLKKILPIILSTLLMVSAIYIYLQSLVARSDVFIVLTSTCIGVVVYFLASFFSSSDIRELIIKKISKKQHQSF
1468_04055	MQNAKLSLYSIIWYFISNIFPALSAFFIFTFSSHSISTEQLGSITLCTTIIAILINVSAVGFADAIVNRHDIKKNEIDAIFTLILSLSILLYILSVLSLLFLENRGVSPLVTHIYPILGVKLLLDSISFVPLAILSRKMEFKKIAVRTILCSVLSVFISVPALISHNGFYAIIISLLTTSLVSFSVLWLSAGYKPTLSFSKQCLSDFYDFGINNCLTKIVNSFNFDNIFLGFFANLSTLGIYGFGKRVLSIFTDIISSAISNVSYPIYSTLNHDQSDKLKTIYLKTIYFSVLISMPIFMGLILISDDIIPLVFGEQWVSAVPTIKFFFVFGFLSCIGSLQLSLIKAKGNTGWILKYQLFQQVTTGILALVLAKYGPEYVIMAIVIKTYLTWPYTIFYISKLLDISAFRYFIVIVKPFPALIMMTVCFYLLKEEIYSVNLFLYLLVQIFCCGLVYFLVTFVLFKRDILSILHMLKSRGVESIK
156KP-HG_00038	MSLKQKTIRSAKWSAISTIVVVLFGFLQITLLSRIIPPYQFGILTIIIAITLLAETLSDFGISNSIIQQKDIDDLQLSTLYWINVLFGIFVFISFYFAATRIAVWLGIVELKPLIQIIASAFLVIPHGQQYRALLQKELKFDIVGKVESLSYLLGFIVSIILAFYLKNAMCAVIGYLFNVIFRTFLLILKGNCYPRPKLTLHFFSVKDNLRFGAYLTADSIVNYINSNMSTALITKLLGATATGGYNIAYNVAVNPPSKINPILTRVLFPAFSQIQNDLQKLRINFFKLLSIVGFLNFPALVGLCLVASDFVYVLFGQNWMFIVSAMQLLSLAGLLRAIGNPIGSLLMAKARVDLSFKFNVVKIFMFAPALYFGAKYAGVTGVAVGFLSVQTLNTILTYFVLIRPVLGKCYLEYISSILSPFLHVVPMIMVISFLNELLILDNKLLSLFIKILVGVLVYGITILVSKNTLLAEVKSAFLKRSK
1572_04766	MSKNKLIVKNTIFLATRTLFSLLIAFYTTRVILHQLGVSDYGLFSVIYGTVAFFVFIVSAMNDSVQRFISINLGNNDYIAVSNTIKNSVLIYFLGGMIFCLLLLLIRDYVVEHLLTIDVNALAVAKKIYVIALLSIFISIIQTPFNAIVLAHEKMSFYAYMTIFDSLSKLIVSFSLIAIPYNKLIVYSLLLLLSALTSFSIYVYYCFKSFPLSLKGGVLSRKIIKDITMFSFWNTFGNFAYVCRTQGINIAINVFFATTVNAAYALSSTILNAINSLSQSLVSAIRPQIFKSYAENNEQRYLTLVTYCSKYTFSFLFLVSGPVLICTKELLSLWLVSIPPYTIGFVRLVIVVALIDSFSSSIIAGVQAVGKIKVYQLTVSFFVFISLPFSYLLFKLGFPPFSAYIPLIITAVINLFLRSYFLARYTSFDFIGFVFKIVLPCVFSAVATYAVSYYINGVISPEGIFSILLTCFFYSFIYLMFALVFVVSNVEKKIVLSVLTSKFHTLRERK
159KP-HG_02911	MSYNPKKETIYLYLVQISNMVVPLLVIPYLTSVFGVEYYGKLSYAQVVSLIALFFVDFGFNYSAAKEIGSNRESAAAVNKIYTNVQCIKTAIYFLVISVVFSLTLFLKQSEIDNDLLLIGALSAISSIVSPVWLFQGIGKLSLVAIPNLIVRLLSLVFIFTFVHDRSDIIMAAIIQLCSPFFAGLFVIVIVWRNNIAKFDRTLFSYSFSKTLVSESFHNFSASFLTLGFTYFNPLLIKYFLGDFALGLYSLADKLVTILRQLYTPIVQANFSQVCALYKKDMILEVSIKLRKIFLFFVALSLIAFVSNFFVGQYVLSVFFARGYGLEEIIQVNHLISIMIFTQFIISISLILVNLIIVPSGNSHYLKRVYALAFVLYLAIVYFMVKLIGVYGVALTITIIESFIIILFSLFVFKQKLVRLI
191KP-HG_03431	MSYNPKKETIYLYLVQISNMVVPLLVIPYLTSVFGVEYYGKLSYAQVVSLIALFFVDFGFNYSAAKEIGSNRESAAAVNKIYTNVQCIKTAIYFLVISVVFSLTLFLKQSEIDNDLLLIGALSAISSIVSPVWLFQGIGKLSLVAIPNLIVRLLSLVFIFTFVHDRSDIIMAAIIQLCSPFFAGLFVIVIVWRNNIAKFDRTLFSYSFSKTLVSESFHNFSASFLTLGFTYFNPLLIKYFLGDFALGLYSLADKLVTILRQLYTPIVQANFSQVCALYKKDMILEVSIKLRKIFLFFVALSLIAFVSNFFVGQYVLSVFFARGYGLEEIIQVNHLISIMIFTQFIISISLILVNLIIVPSGNSHYLKRVYALAFVLYLAIVYFMVKLIGVYGVALTITIIESFIIILFSLFVFKQKLVRLI
201KP-HG_05102	MSLFNNARWVAISQVVKIFVQLINIVYLARLIPPSEYGIMAMALVIINFGMLIRDLGTAAAIIQRKDIDDKIINSIFWLNLYMGLGIAICIILSSPLISYFFREPKLIMVLLCISIIFPLSSSSSAHLALLERESKFKKIASVEIASSLIGVLVALFLAYKNFGVYSLVCQTIIFNALSTVQFWKASKWRPSFSNMFDFSGLKEIFGFSAHLSIFNLINYFSRNADSFIIGRYMASSVLGAYSLAYRIMLFPLASLTFVATRALFPILSKNQDDHDTLKKTYLDCVFGILFIVVPLMSGLAFLSKPFIILIFGKEWSLTANILLWLAPTAIIQSVLSTSGTVFMAKGRTDILMKLGILGMILYMSAFILGVQYNIITFAKFYFLANIINFFPAMYLLMRIINGSLFELFKKALPIFCMGMVMIIVMFIVRKPINSLFDEFSFTYLLTMTVIGAMTYFILALVLLKSFRAFIVNRVPFIG
205KP-HG_01158	MTLINNVKWVSFSQITKVSCQVVGLFVFSRFLSPSELGVMSLTLIVVNFINIIRDMGSSAAIIQRDCLTEGLKNSIFVLNSVLGIVLCILTILFSQKIAIFFHEPILAQTLKIISIAFVINSVTSAHLALLERDSKFNRVAFVEVISSLISLAIAIIFAANGFGVFSLVIQTLLYAIFTALGFWISSNWIPRLRFNVSDIKSIFRFSSNLVAFNFLNYFSRNSDQIIIGRFFSSATLGQYSLAYRLMLFPIQNITFVLTRSLYPILSRSQSDDKGSFNIYIQTLRVISIIIPPLMLGLAIVSHEFVLVFLGEKWFLVSTLLMWLAPVAIMQSMVSTTGSVFMARAKTNILLYISIYNAFLQIGAFIIGGFYDINTLVILYLIANVLMFFPNMYLAIRVLKGNYLIFLKVITKPIIFSLVMVSVIFIYSLLISNLSISVIVIFITKILVGAVVYITCLFIWERDIIFKLLKR
2164_02376	MNLINSAKWVAFSQFFKVIVQLVNIVYLARLIPPSEYGIMAMALVVINFGLLIRDLGTAAAIIQRKEIDDGIINSIFWLNLFMGLFIAVAIIFASPLIASFFHTPKLIYVLLLISLIFPISSSSAAHLALLERASKFRVISLIEIFSALIGLISALILAYQGYGVYSLVIQTIVLNVISTILFWKISKWRPQLSMMFKFSGLKQIVGFSVNLSLFNFVNYFSRNTDSFIIGRFMPSSVLGAYSLAYRVMLFPLQSLTFVVSRSLLPILSHHQNDNAIIRKTYSNCVFSILYLVVPLMSGLAYLSSPFVSVIFGNQWTLTAEILKWLAPTAIIQAVLSSTGTVFIAKGRTDLLLKLGILGTFLYVLSFLIGVNFDIITFSKLYFIANVLNFFPAMILMMRLIEGSLFTLLNKCFVIFFINFGMLAFLYFIDGLDFINAINEQVVYLILMISLGGGFYVLSSVLLIGKLRRFLLARFVN
218KP-HG_04754	MAEKIISIFGLIFVTSFVAKYVGPSIYGDIALSLSIFQLIQIVSLMGSDVIIFKRISKNINSGVSLIKATGRIRLLIYLILSAPVLIYFFSSSGYIYILASFLSCMFLSLDVYAIYYDACLRSKVNTIINIFGLIFSLGIRWAIAFFKYPAEWLFVPIVLTSFVPFLCRFIFFQLYEGAVKLTKKKKGLYTKHLLSSGSAFVLTSISVALYTRMSIFLLGYLQGKDVVGIFSIAATLATSWSFILYAFITSSLPSIFSEKDKLLAEKKTANLNVLIIMMSFGVIFLAIILAKKFILYFYGVEYTDAFYPLVILCFSTMLSALGAIAARYIAYFSGYSFLSKKNLVVTMLSVILNYLFIYKWGMLGAAVSTLLVELFSLTILNYFFARGVVYKLHKRTVVYGIKFKFK
225KP-HG_01165	MNKRILSMLLSQGFGLAINVIEKLLIVPLFIHSWGLAKFGEWILIRTIPNLLLTTDVGIASHAGNAISVAIIKKEYNAAAHVIKLSVFLIFLLLSIILVFGIGQFFFDLRSFLGIADSDVNLITYSVLFMSLHAGMILCSQILCSLGRATERYHIYNALAQFTRFLEIAFVCIVLITGGDIVEASIAYLLARLIVITIMISLLIKQLKFIKIEIFNAKVSLGQFFTFIKQSIPYAGIPFSQAVFLQGSSVIISSFYGPAVLAFVTVIRNTSRFMVMFSSLLGKSIWAELSRLWAEEKYKEFNRVFLKFNVVNFAILFMASVILVFGYDYFCQWFQLKDVATKQDYILYLVVSLHSLLIAISYYNSVSLLSTERHQKYAKIIMLNAILTTALFWLLSVLTDSLTWAYVLAFCITEMVIALWLLLISLNKNYLREREI
228_03996	MRLFGLLKWKPIGEHMSKNGLIFKNTFFLAFRTILSLLVSLYTTRVILEEMGASGYGLFSVIYGTVGFFVFIVLAMNDSVQRFLSMKIGSDDTQGTRDIFKNSLLIYCVFGLLLVFCLFFLKNIALQNVLNIDVVSSNTANVIYIIACLSIFILVVQTPFNALVLSYEKMSFYAYMSIYDACSKLVLAFAISHMASPDKVILYSLLLLISSVTCFILYFIFCFINFRFALFGGRINRDFIKEIFSFSFWNVLGGFASVSRIQGLNILLNVYFSTVVNAAFAISNTVLNAINLLTQSLVTALRPQIYKSYAASDISRYRFLILMGSKFTFIFLSIISMPLIVNTQEILILWLKNPPEFGVAFVRIIVVMALIDSLSFSIMAGIQATGKIKAYQLLVGFVIFINLPISYILLKSGFSPQVIAFPLLITSIINLNLRTYFLVAKGVLSYSKYYCNVVLPCFIPIAVSFVILFYVKSFLLIDGLFYTVAFSFFSSFVTMVLLWLVAFSTDERRFCYSSIINVFRILKNKRKGL
234KP-HG_01917	MSLFNNAKWVAISQVVKVLVQLINIVYLARLIPPGEYGIMAMALVIINFGMLIRDLGTAAAIIQRKKIDDDIINSIFWLNLFMGIGIALSVIAFSPLVSSFFHEPKLILVLLCISIIFPLSSSSSAHLALLERESKFKKIASIEIFSSVIGVGVALFLAYKNFGVYSLVWQTVIFNALSTIQFWKASGWRPCLKKMFVFSGLKEIFGFSAHLSIFNLINYFSRNADSLIIGRYMAPPILGAYSLAYRIMLFPLASLTFVAARSLFPILSKNQDDHVQLKKTYLDCVYAILFLVIPLMSGLAFLSKPFVILIFGKQWMLTADILLWLAPTAIIQSVLSTTGTVFMAKGRTDILMKLGILGMILYMSAFIAGVQFNIITFAKFYFIANVINFLPAMFLLMKIINGTLLEFFKRILPIVCVGFLMIVVMYVTNRPLKLLLNEDSFVYLIAMSIVGAFTYVLISLFFLKDVKEFVLNKLPFTG
242KP-HG_03288	MGILSNTKWVAVSQLFKIGVQLLNIVVLARLIPPSEYGLMAMALVVTNFATLVRDLGTSAAIIQRKDLSNQTINAIFWLNVSMGVGIGVIIVILSPLISFLFHQEKLITVLCLLAISFPLASSSSSHLALLERDSKFRSIAFIEITSSATAVILAITLAYMNWGVYSLVIQAITLACMSTFQLWYKSKWRPNVRKIFDFDEIKGLLGFSGNLTLFNFINYFSRNADSMIIGHYMSSAILGAYSLAYRVMLFPIQNLTFVITRALFPVFSTYQEDNVKLKETYLNTLYYILMLVLPLMIGLMALNEPFVKLVFGDKWNETAFILSWLAPTGIIQAVLSTSGTIFMAKAKTNMLMKLGIIGAILQVGAFIIGAHFNIITFAKLYFFANVINFFPVMLSVMYCINGNLIDLFKKIYPLLICAIALFYIITLLILRVSYFTNINSLSKLFIVSIFSAVVYIIMVFAVNPKLCLSIIRKYNGNH
245_00871	MSKNGLIFKNTFFLAFRTILSLLVSLYTTRVILEEMGASGYGLFSVIYGTVGFFVFIVLAMNDSVQRFLSMKIGSDDTQGTRDIFKNSLLIYCVFGLLLVFCLFFLKNIALQNVLNIDVVSSNTANVIYIIACLSIFILVVQTPFNALVLSYEKMSFYAYMSIYDACSKLVLAFAISHMASPDKVILYSLLLLISSVTCFILYFIFCFINFRFALFGGRINRDFIKEIFSFSFWNVLGGFASVSRIQGLNILLNVYFSTVVNAAFAISNTVLNAINLLTQSLVTALRPQIYKSYAASDISRYRFLILMGSKFTFIFLSIISMPLIVNTQEILILWLKNPPEFGVAFVRIIVVMALIDSLSFSIMAGIQATGKIKAYQLLVGFVIFINLPISYILLKSGFSPQVIAFPLLITSIINLNLRTYFLVAKGVLSYSKYYCNVVLPCFIPIAVSFVILFYVKSFLLIDGLFYTVAFSFFSSFVTMVLLWLVAFSTDERRFCYSSIINVFRILKNKRKGL
245_05370	MLEKLAKQTAVYGISTIVVRFLSYLLTPYYPRVFGQEVYGIVVDVYALIPLALTLLTMGMESSYFRFSAKAEEAGGDVQGAKRRLFATTWGVTSLAALLFCGAMILCRDGVARLMGEAYVAHPEYIVWVALIILFDVSACIPFSRLREQGRAMTFVGFKALNVVLNVLFAVGFGLAGLFATDFGVGWAFVANFIASAVTWLLILTTADRTVPRIDWRLLGAIFAYSLPLLVGGLTGTANEFIDRQLIKYLVPDGAMAQVGVYGAITKIAVVMMLFYQMYRLAAEPFFLSNFKKSDFVAMNAAALKYYVMASMVIFLGIALFRDLFALIVGRDFREGIFILPVVLGANVLTGVWLNLSFWYKREERTSLAIVVTGAGLAAILLFGCWLIPLWGYYGAAWARLASESAMVAVSWWLNRRFFPTPYPWRRIWEYVFVALGLFLLCEAFSSWVRGNMFAGYTFNIVLFASYLAYLIRRERIDVRAMVRAVCGRGR
245_07205	MAAKQLRERVTEGVAWSMAEKIGSMLLTVAVRLVILRLLSPDILGCIAIPAAVVAVAMVIADSGFSQNLIRRDNPSPADYKSVFLFNMAVSTGLYVLLTAAAPAVARYYAIPEIAEVAPVFFLLLPVSSLCSVQNAIFTRQFRFALLSKVNFLSSLVSGLAAVGLALAGCGIWSLVGERLLAMAVRAVLLWRLSDWRPRGRGSVASLRDMAPFSVSLMLTDLISTFYMKLPQFFLGKLYPTATLGAFDQAVKLKDMPVTAATQSVQSVTFPALSEVRGDAPKFAESYRQVVLITAYVMFPAMLGLSAVAHDLFALLLSEKWMPTVPYFEVVCLAGLFYPVGMICYNVLKVMSRGPLIVRLEVVKKLLMTVVFAVTIPHSVMAVVWGLVVIAFGEMAVNFLATRRFTRFTTRRFLRTLLPVALVSGTMYLLVRLTACAVPGHLLLRLAAQLLVGAAAYVGLSVLFRLEAFGLLCDLMKKQAAR
245_08010	MTLSQVFKSRLLSNIWNQFLLYGFSSIIPILLIPYLLNVIGVEKYGLVNFAIIFSFYFQIFNEFGFDLSNVRHVVNNRDNQEKLGRIVSSILQCKFFLILCSLFVYILVVGLIPSLRNELTLYILAFIRLIGVVIAPYWLFRSMEDIKYITRISVPIKLLCILPIFLIVKSTDDYALVMLCYALETFVSGIVALFIAQKRYGIKLQIVSAQEVKFYLKDSIPFFTSTFLMRAYKTMNTLVLGFILGDFAVGLYTAAEKLHNAYSSFVSPLLSQIFYPYFTRIKNMGRATKMVLLLCIANTIALACIYFLSPYLIPIFIKTETASITTYFNLFLLLLAISVPADMFGFPYLGVLGKINEVNMTTIYSAIIYIIVVLVLILTHSISIGSVIWALIIANVGCLVLRLYLANKVRVGNVDKQ
255KP-HG_00377	MLKIKGKSLGSILKSRNEAFYNSLWLLSERVITILFTFTVGIFLARYLGPNDFGVYNYLISIITLLSPLTALGLNAVVVRDLVDAQREDHDDTNVILGTSCVLRFFGGLFACASLLFVDIYFNISQNNTLWLVLLASANIFSCFQVVDFWLQSKVNSKYSAILRLSIFITSSLVKLISIIFFSCGLKTILIIQTFEVLASGVLYVPLYKYLKGKIFNWSYNKNKAKTLMSKSWWLILSGVAEVLYLKIDQIMLGMINGYSTVATYAVAARLSEAWYFFPTIITASFFPLLILAKKESEEKYKHTLLDLSRKLFFCALIISIFITIIAHTAINILYGEAYAESATILIIHIWASLFVFMRAVLSKWLVIENMLPFSLVTHISGAIVNIILNLILIPKMGGIGSAIATVISYSISSYFSLFIFKRTRVMGWIMTKAIFTCFLIFRGKNETIHK
268KP-HG_02734	MSYNPKKETIYLYLVQISNMVVPLLVIPYLTSVFGVEYYGKLSYAQVVSLIALFFVDFGFNYSAAKEIGSNRESAAAVNKIYTNVQCIKTAIYFLVISVVFSLTLFLKQSEIDNDLLLIGALSAISSIVSPVWLFQGIGKLSLVAIPNLIVRLLSLVFIFTFVHDRSDIIMAAIIQLCSPFFAGLFVIVIVWRNNIAKFDRTLFSYSFSKTLVSESFHNFSASFLTLGFTYFNPLLIKYFLGDFALGLYSLADKLVTILRQLYTPIVQANFSQVCALYKKDMILEVSIKLRKIFLFFVALSLIAFVSNFFVGQYVLSVFFARGYGLEEIIQVNHLISIMIFTQFIISISLILVNLIIVPSGNSHYLKRVYALAFVLYLAIVYFMVKLIGVYGVALTITIIESFIIILFSLFVFKQKLVRLI
33KP-HG_02534	MNLINSAKWVAFSQFFKVIVQLVNIVYLARLIPPSEYGIMAMALVVINFGLLIRDLGTAAAIIQRKEIDDGIINSIFWLNLFMGLFIAVAIIFASPLIASFFHTPKLIYVLLLISLIFPISSSSAAHLALLERASKFRVISLIEIFSALIGLISALILAYQGYGVYSLVIQTIVLNVISTILFWKISKWRPQLSMMFKFSGLKQIVGFSVNLSLFNFVNYFSRNTDSFIIGRFMPSSVLGAYSLAYRVMLFPLQSLTFVVSRSLLPILSHHQNDNAIIRKTYSNCVFSILYLVVPLMSGLAYLSSPFVSVIFGNQWTLTAEILKWLAPTAIIQAVLSSTGTVFIAKGRTDLLLKLGILGTFLYVLSFLIGVNFDIITFSKLYFIANVLNFFPAMILMMRLIEGSLFTLLNKCFVIFFINFGMLAFLYFIDGLDFINAINEQVVYLILMISLGGGFYVLSSVLLIGKLRRFLLARFVN
34KP-HG_00404	MQKKNIVNAFWIMSEKIISIFGLFFVTSFVAKYIGPYRFGQIALSIAIFQVVQVISQMGCDNILFKRASKKKTSAISLIASTFHLRTFLYFVLSFFILCYFSITGDAISLIFVASVCLAYYILTIDVYSIYNDAILNSKMNTYANILGLIVGLSVRYIIAYFKMPIFYLAIPIVLTTFIPFTIRLLCAPKAKKICWKDKIKYNKYILQTGISLVISTVSMTIYSRINQFSVSFIEGSYDLGVYSVALTLGTAWGFVGNAVAISFLSKIYAETDDHKAMEITAGLSLGIIFLLIMFPCVFIFIGPWVIQILYGNDYSAAYPVAVILCFSTIISTLGFVSNRFIVRFSGYNYLSKKTMVILFISIPLSSLFTYCWGIVGSAYSVITIELMSLTVFNYFYNKRVVLKMHKKMLNIKNLKYILR
406_04134	MSGKKVAKNAFMLYIRMSIMLLVNLYMSRVVLNTLGVTDFGIYNVTGGVVLMFSFISNTMASASQRFFSYEIGKGNSEKLKGLFSATFIIYLSFAIIIFILAETIGYWFVSNHLNIPAERYDAAKFVYHASIFTFIFTIIRVPFTSFIIAKERMSFFAWSSIIEALLKLCLAFTIVYISFDKLELYALLMLFVSVVITFWYYIFCKLAFIETKLMLVKEKKIFSELTSYAGWNSFTSIANIMVDQGINITLNIFFGPVVNAARSISYQIKAQVTTFVGNVQMAANPHIIKLYAEGKYNEMENIVLLSSRVTYYFMFVVALPFLLETDIILKWWLINIPPHTVLFCQLVIVNILIETISGTVTSAIQATGKIRKYQTIVGCILLTSVPLAYMLLSFGLSPEITVILTCILSLICVAVRLLIYRELLKTRITIYFKKVIFSCMSVSIIASVIPILAKNYLLEGQGVFSFIFISMLCLICTITTIIIIGITNEERAFLFNKFLKILKKKG
42KP-HG_00256	MKKSNELDNLQPDKKNLYSGVAWYFFSNLFPAFSSLLIFSLASRIITPGDLGAVTLAATITTILTSICAVGFGDALIQLKNVDKKHFNTVFFICLVSSLSIYFISSLIVEYYVIPTFNIVFKTVYPVIALKIVIDSCAIVPLSFLTRTMAFKSIAIRTMYCSIASIILCLPVLYFGGGVWAIVLSQLSTSVISYIILATSSKLKLRPIFNKSSFTELSRFGITTTFTKLVTSISIDNVIIGVYGSVTTLGIYAFSRRVFGSIADVLNNAIANVSYPLYASVQTKPSQLKNVFFKTTFFSTLLSLPAFTGLIIISPHLIPLVFGAQWLVAIPVIQVCCVIGFISCIGSLQMSLIKGLGNTAWILKYQIFQQITTALLVFLFAKDGALVLIVSIAIKTFIIWPYTVYYISRILGVTTFSYISNFIKPLTSVVLMYLGCYVIDRQLSAANELLNVLVLILSGVVIYCFFIFILARKEISESLTAIKTRKKQKVENYE
42KP-HG_05196	MIIKTDNLSMKKNIKNISYMFLVQSANYLFPLITIPIVARAFGPDKIGLLNYITAIISYFILITSYGFNFTGVRRLSRNKDRSNEIFSTIFTSQLYLTTICTFIFAICIPIINPLRGDVLLSIVIFTSCLSVLFTQTWFLQAYSDFKTIALLSFCYRFTSFVLIIFFINSPDDVILYAAIINIGTLVFSLLCFFITIKKYKLKLRISKFSMCISYLKEDRSIFFSSVITSLYTTSGIVILGAVSSNQEVGYYTSAQKLIDVTKSIMLMPISQVIFPILSEKFGKNRMDGIKAVQSIMPAFFLFSLIVLIFMISFGGIVLEVIFGGDFSPASPMLTILSFGLFAVFYGVLIGGQVMLNLGMDKEFLNVQVIVSVASLAANYLILPFGGGVTISIVWTLSEFFISAYQIMILKKNGISIIGFWCINPRLIIASVKKILNRKEG
48KP-HG_00364	MQKKNIVNAFWIMSEKIISIFGLFFVTSFVAKYIGPYRFGQIALSIAIFQVVQVISQMGCDNILFKRASKKKTSAISLIASTFHLRTFLYFVLSFFILCYFSITGDAISLIFVASVCLAYYILTIDVYSIYNDAILNSKMNTYANILGLIVGLSVRYIIAYFKMPIFYLAIPIVLTTFIPFTIRLLCAPKAKKICWKDKIKYNKYILQTGISLVISTVSMTIYSRINQFSVSFIEGSYDLGVYSVALTLGTAWGFVGNAVAISFLSKIYAETDDHKAMEITAGLSLGIIFLLIMFPCVFIFIGPWVIQILYGNDYSAAYPVAVILCFSTIISTLGFVSNRFIVRFSGYNYLSKKTMVILFISIPLSSLFTYCWGIVGSAYSVITIELMSLTVFNYFYNKRVVLKMHKKMLNIKNLKYILR
52KP-HG_04768	MSGIKKQAIWLLGSNTISAILQILQISLLAHHLKLSELGVLAIVNMVLMVAMILQDMGMSSYIVHMQEMTRRDQSTIYWINLLLSFLTGCLVFVASWPIASFYNMPDLTFLVMLASFNFLFLGSLSQYQSHYIKAKKVILLAKIEIISKIISFLFVLFSILKMELRTEAVIYGLIINSFARLFLMSLLGDKSWRPTFEFNSAICKPVFKYGIFQLGSQILNQFRTQLDVIVIGKMLGADSLGLYSLAKDLIMQPLKLISPVINRLALPRFAEVQNQSDKLGGAYLRGTSVILLFSMITFFSIYLLGPVIIKILYGSSRMGVFNILPYMLLFGVLRPMGGLTGAVAQANGKTNIEFRWNVIATSIVLGVTTTVFFIPQLWYVSLSLSLSQLLISFFVFPCFIKPIVDVSFKSYLYKWFPQALCFICLIYIVKFFDLVLYPFW
62KP-HG_04699	MSGIKKQAIWLLGSNTISAILQILQISLLAHHLKLSELGVLAIVNMVLMVAMILQDMGMSSYIVHMQEMTRRDQSTIYWINLLLSFLTGCLVFVASWPIASFYNMPDLTFLVMLASFNFLFLGSLSQYQSHYIKAKKVILLAKIEIISKIISFLFVLFSILKMELRTEAVIYGLIINSFARLFLMSLLGDKSWRPTFEFNSAICKPVFKYGIFQLGSQILNQFRTQLDVIVIGKMLGADSLGLYSLAKDLIMQPLKLISPVINRLALPRFAEVQNQSDKLGGAYLRGTSVILLFSMITFFSIYLLGPVIIKILYGSSRMGVFNILPYMLLFGVLRPMGGLTGAVAQANGKTNIEFRWNVIATSIVLGVTTTVFFIPQLWYVSLSLSLSQLLISFFVFPCFIKPIVDVSFKSYLYKWFPQALCFICLIYIVKFFDLVLYPFW
779_02211	MALVVVNFANIIRDLGVSSAIIQLKTLNQKLISSVFFLNLFFGFILLFSIFFFADDISCFFNESKLTDVLMLIAFSFPIASITSTHLSLMERESKFNSIAKVEIFSSITALILGVFVSYIGGGVYSLVTQTLAYSSLSAIGLFFYTRWIPSAYFSFAEVRGIFKFTSNLVLFNFVNYFSRNSDQIIIGRFFSSTILGQYSLAYRIMLFPIQNITFVLTRSLFPLLSRNQSNSQYSLSLYLHVLKTLAIVIPPLMVGIAVVSDDFVKVVLGEKWNGVAILILYLAPTAILQSFISTTGSVFMAQGRTNTLFQLSLFNAFLQVGAFILGATVSVVFIIKLYFIANLVIFFPNIYFAMRLLGGKWRDFLFISYKPLLSVLLMLVLLLFLKGYLNTITTFPSLRLAILVFLGGVSYIGFLSLLERKKPLEIIKDLKDM
CU276_03901	MAMALVIINLGMLLRDLGTSSAIIRQKELTNDLINTVFWVNVLMGCIFALLVILGSPVISEIYKQPRLIEVLISMSIIFPLSSSASAHLALLQRESKFKVISFIEIFSSTVSVILALIAAKMGFGVYSLVIQAVSLNLISAIQFWICSKWHPSFSKIIVYHELKKIFGFSANVSLFNIINYFARNADSFIIGRYMSIVVLGSYNLAYRIMLFPLQSLTFVATRSLYPVLSHHQDDNKKIASIYLNCTFFVLFLSAPLMSGIAVLSVPFVNWVFGPQWHITANILTWLAPIGIMQSVLSTTGSVFMAKNKTRTLLYLGIFGTLLQLTSFIIGAKLDIVSFVKLYFIANVINFFPAMYFVFKILDSSIVVFLKKILPIILSTLLMVSAIYIYLQSLVARSDVFIVLTSTCIGVVVYFLASFFSSSDIRELIIKKISKKQHQSF
CU293_03845	MAMALVIINLGMLLRDLGTSSAIIRQKELTNDLINTVFWVNVLMGCIFALLVILGSPVISEIYKQPRLIEVLISMSIIFPLSSSASAHLALLQRESKFKVISFIEIFSSTVSVILALIAAKMGFGVYSLVIQAVSLNLISAIQFWICSKWHPSFSKIIVYHELKKIFGFSANVSLFNIINYFARNADSFIIGRYMSIVVLGSYNLAYRIMLFPLQSLTFVATRSLYPVLSHHQDDNKKIASIYLNCTFFVLFLSAPLMSGIAVLSVPFVNWVFGPQWHITANILTWLAPIGIMQSVLSTTGSVFMAKNKTRTLLYLGIFGTLLQLTSFIIGAKLDIVSFVKLYFIANVINFFPAMYFVFKILDSSIVVFLKKILPIILSTLLMVSAIYIYLQSLVARSDVFIVLTSTCIGVVVYFLASFFSSSDIRELIIKKISKKQHQSF
CU371_01018	MNVVSNAKWNAFSQFFKIGIQVANLVYLAKIIPPSEYGIMAMAVVVTNLGVLLRDLGTSAAIIQRRNLTEGVKNTVFWLNVILGCSLAILIVLSSPLIAAIYNQHELIYVLMLLSISFPLSSSAATHLALLERESKFKTISKIEITSSLVSVLVAIIMANLGYGVYSLVMQAIVLSLMSALQFWIVSSWRPSFKLFINKHDLKEIFGFSANLSLFNLINYFSRNADGFIIGKFMSATILGSYNLAYRIMLFPLQSLTFVASRSLYPVLSHYQDDISKVRNTYLNCVFVILMITAPLMSGLAIYSKPFVFLIFGPQWHITSDVLQWLAPTAIIQSILSTTGSVFMAKGRTDTLMRLGIIGTFLQVSAFLIGVNFSITTFAFCYLIANILNFFPVMVCLLKLISVDFYFFFKKIFSIIISTFIMISVLKTIDLLVFPIDDIKNLFTLVVFSLVGVVVYFFAIFTLSTQFRKNIILFYCNKIGNKTI
CU402_04088	MRLFGLLKWKPIGEHMSKNGLIFKNTFFLAFRTILSLLVSLYTTRVILEEMGASGYGLFSVIYGTVGFFVFIVLAMNDSVQRFLSMKIGSDDTQGTRDIFKNSLLIYCVFGLLLVFCLFFLKNIALQNVLNIDVVSSNTANVIYIIACLSIFILVVQTPFNALVLSYEKMSFYAYMSIYDACSKLVLAFAISHMASPDKVILYSLLLLISSVTCFILYFIFCFINFRFALFGGRINRDFIKEIFSFSFWNVLGGFASVSRIQGLNILLNVYFSTVVNAAFAISNTVLNAINLLTQSLVTALRPQIYKSYAASDISRYRFLILMGSKFTFIFLSIISMPLIVNTQEILILWLKNPPEFGVAFVRIIVVMALIDSLSFSIMAGIQATGKIKAYQLLVGFVIFINLPISYILLKSGFSPQVIAFPLLITSIINLNLRTYFLVAKGVLSYSKYYCNVVLPCFIPIAVSFVILFYVKSFLLIDGLFYTVAFSFFSSFVTMVLLWLVAFSTDERRFCYSSIINVFRILKNKRKGL
CU406_04003	MRLFGLLKWKPIGEHMSKNGLIFKNTFFLAFRTILSLLVSLYTTRVILEEMGASGYGLFSVIYGTVGFFVFIVLAMNDSVQRFLSMKIGSDDTQGTRDIFKNSLLIYCVFGLLLVFCLFFLKNIALQNVLNIDVVSSNTANVIYIIACLSIFILVVQTPFNALVLSYEKMSFYAYMSIYDACSKLVLAFAISHMASPDKVILYSLLLLISSVTCFILYFIFCFINFRFALFGGRINRDFIKEIFSFSFWNVLGGFASVSRIQGLNILLNVYFSTVVNAAFAISNTVLNAINLLTQSLVTALRPQIYKSYAASDISRYRFLILMGSKFTFIFLSIISMPLIVNTQEILILWLKNPPEFGVAFVRIIVVMALIDSLSFSIMAGIQATGKIKAYQLLVGFVIFINLPISYILLKSGFSPQVIAFPLLITSIINLNLRTYFLVAKGVLSYSKYYCNVVLPCFIPIAVSFVILFYVKSFLLIDGLFYTVAFSFFSSFVTMVLLWLVAFSTDERRFCYSSIINVFRILKNKRKGL
CU443_04567	MALVVVNFANIIRDLGVSSAIIQLKTLNQKLISSVFFLNLFFGFILLFSIFFFADDISCFFNESKLTDVLMLIAFSFPIASITSTHLSLMERESKFNSIAKVEIFSSITALILGVFVSYIGGGVYSLVTQTLAYSSLSAIGLFFYTRWIPSAYFSFAEVRGIFKFTSNLVLFNFVNYFSRNSDQIIIGRFFSSTILGQYSLAYRIMLFPIQNITFVLTRSLFPLLSRNQSNSQYSLSLYLHVLKTLAIVIPPLMVGIAVVSDDFVKVVLGEKWNGVAILILYLAPTAILQSFISTTGSVFMAQGRTNTLFQLSLFNAFLQVGAFILGATVSVVFIIKLYFIANLVIFFPNIYFAMRLLGGKWRDFLFISYKPLLSVLLMLVLLLFLKGYLNTITTFPSLRLAILVFLGGVSYIGFLSLLERKKPLEIIKDLKDM
CU448_04072	MALVVVNFANIIRDLGVSSAIIQLKTLNQKLISSVFFLNLFFGFILLFSIFFFADDISCFFNESKLTDVLMLIAFSFPIASITSTHLSLMERESKFNSIAKVEIFSSITALILGVFVSYIGGGVYSLVTQTLAYSSLSAIGLFFYTRWIPSAYFSFAEVRGIFKFTSNLVLFNFVNYFSRNSDQIIIGRFFSSTILGQYSLAYRIMLFPIQNITFVLTRSLFPLLSRNQSNSQYSLSLYLHVLKTLAIVIPPLMVGIAVVSDDFVKVVLGEKWNGVAILILYLAPTAILQSFISTTGSVFMAQGRTNTLFQLSLFNAFLQVGAFILGATVSVVFIIKLYFIANLVIFFPNIYFAMRLLGGKWRDFLFISYKPLLSVLLMLVLLLFLKGYLNTITTFPSLRLAILVFLGGVSYIGFLSLLERKKPLEIIKDLKDM
CU451_01330	MALVVVNFANIIRDLGVSSAIIQLKTLNQKLISSVFFLNLFFGFILLFSIFFFADDISCFFNESKLTDVLMLIAFSFPIASITSTHLSLMERESKFNSIAKVEIFSSITALILGVFVSYIGGGVYSLVTQTLAYSSLSAIGLFFYTRWIPSAYFSFAEVRGIFKFTSNLVLFNFVNYFSRNSDQIIIGRFFSSTILGQYSLAYRIMLFPIQNITFVLTRSLFPLLSRNQSNSQYSLSLYLHVLKTLAIVIPPLMVGIAVVSDDFVKVVLGEKWNGVAILILYLAPTAILQSFISTTGSVFMAQGRTNTLFQLSLFNAFLQVGAFILGATVSVVFIIKLYFIANLVIFFPNIYFAMRLLGGKWRDFLFISYKPLLSVLLMLVLLLFLKGYLNTITTFPSLRLAILVFLGGVSYIGFLSLLERKKPLEIIKDLKDM
CU494_03895	MRLFGLLKWKPIGEHMSKNGLIFKNTFFLAFRTILSLLVSLYTTRVILEEMGASGYGLFSVIYGTVGFFVFIVLAMNDSVQRFLSMKIGSDDTQGTRDIFKNSLLIYCVFGLLLVFCLFFLKNIALQNVLNIDVVSSNTANVIYIIACLSIFILVVQTPFNALVLSYEKMSFYAYMSIYDACSKLVLAFAISHMASPDKVILYSLLLLISSVTCFILYFIFCFINFRFALFGGRINRDFIKEIFSFSFWNVLGGFASVSRIQGLNILLNVYFSTVVNAAFAISNTVLNAINLLTQSLVTALRPQIYKSYAASDISRYRFLILMGSKFTFIFLSIISMPLIVNTQEILILWLKNPPEFGVAFVRIIVVMALIDSLSFSIMAGIQATGKIKAYQLLVGFVIFINLPISYILLKSGFSPQVIAFPLLITSIINLNLRTYFLVAKGVLSYSKYYCNVVLPCFIPIAVSFVILFYVKSFLLIDGLFYTVAFSFFSSFVTMVLLWLVAFSTDERRFCYSSIINVFRILKNKRKGL
CU503_03680	MRLFGLLKWKPIGEHMSKNGLIFKNTFFLAFRTILSLLVSLYTTRVILEEMGASGYGLFSVIYGTVGFFVFIVLAMNDSVQRFLSMKIGSDDTQGTRDIFKNSLLIYCVFGLLLVFCLFFLKNIALQNVLNIDVVSSNTANVIYIIACLSIFILVVQTPFNALVLSYEKMSFYAYMSIYDACSKLVLAFAISHMASPDKVILYSLLLLISSVTCFILYFIFCFINFRFALFGGRINRDFIKEIFSFSFWNVLGGFASVSRIQGLNILLNVYFSTVVNAAFAISNTVLNAINLLTQSLVTALRPQIYKSYAASDISRYRFLILMGSKFTFIFLSIISMPLIVNTQEILILWLKNPPEFGVAFVRIIVVMALIDSLSFSIMAGIQATGKIKAYQLLVGFVIFINLPISYILLKSGFSPQVIAFPLLITSIINLNLRTYFLVAKGVLSYSKYYCNVVLPCFIPIAVSFVILFYVKSFLLIDGLFYTVAFSFFSSFVTMVLLWLVAFSTDERRFCYSSIINVFRILKNKRKGL
ERS523587_00001	MSLKLKTIKSTKWSALSSLTIIVLGFLQMVILSRILEPFEFGVLSIMTVVFLFTDMLADCGLSNAIIQKKNITLDELSALYWVNIFLGVFLFVVTIILSYEISSWMRLDRLSFLIQLTALVFIIMPHGQQYRALMQKELEFDILSKIESFSYLTGFCLTVIIGIITKNASCAVFGYLLTVSMRTVILSFVGRKYYHPTWKRSKLREIKKQLLFSFYLTLDSILNYINSSITTPIVARVLGAIYVGGYNLSFNVAVNPPSKISPIITRVLFPALSKIQDDKERLRINFFKLLHVISYINFPALLGLCIIAKDFVYLVFGEKWLFIVPTLQLLCIAGAMRMVANPIGSLLMAKAKMELSVRFNFVKIIIFIPVLYFSTIWNGMVGAAIGFLICQAINALLSYFFLLKPVLGNCIVDYINSFFIPFVHTLPMILLLLVCDIYIDKISLTFFILKIVIGGGVYILTIFISPNKLLAEMKGLFRQLLLKS
ERS523588_01640	MKKNSIINAAWMMSEKIVTLFGLFFVTSFVAKYIGPFRFGQLALAIAIFQVIQVIAQLGCDNIIFKRVSEKVLSGLKLIYSTFLIRGGIYFILSFFVLLFFYNKSDVINYVFLISVCLACFFTSMDVFTIYNDATLNSKFNTIANVIGLLIGLILRYVIAFFEWPIYFLAIPIVLTTLIPFLIRLVYTPKVYVVKGKNKWRYNKYLFTTGIPLVISTVSMTLYSRINQFTLSYFDGSYELGIYSVALTLGTAWVFIGNALAISFLSKIYSEKDDLKAQDKTSGLLSFVFIILSVFPLFFYFFGKKVILLLYGEQYVNSYGIIIILCISTVITAMGFISNRYIVRLSGYKYLSKKTLLVLGLSIPISTTMVYFFGVYGAAYSVLIVEFLSLTIMNYFFNHGVILKVHRGAFNLKKIASLR
ERS523589_04189	MNNVALKEKTITSLIWNAIERFMVQGGQFVIKILIARQISPDDYGLVGIVAVFLVLSDVIINGGFSQALIQKKDRTSLDYSTVFYINTFVAILLYLALFFFSPLISDFYNDQRLTDIIRLISISIVIKSLSVVQLAKISIELNFKAKTIVNFWAVLISGFIAVYMAYNDWGVYALIYQTILYSIIVTVLMFFIAKWTPKLEFSMARAYSLFSFGSKIFLANLVGVISDNSYAILIGKLFSSKEVGFFTQGRNLPDLLSVNLFNILQGVLFPVMSSAQDDKERLLRIYKKSLNMTAFIVLPSMVGLVIIAEPFVRVFLTEKWLPSVFIIQWLALSRMIVPLGAINANLLNSIGRSDLYLKIDLIKLPLTILGLLISSPFGLQYMVISNFIVAIFYYFINAYYPGKIFNFGPISQLLNMFPIIVSTSVMFGATYFWSINNGLLDIIIKIVVGAIVYIISCFVLKVESVKEIWSYMLGKIKGKNRRSTCG
ERS659571_02314	MSGIKGQAAWLLGSNFISALLQIIQISILARVLELHELGVLAIINTVLAIAMILQDMGMSSYIVYKQDMTRKQQSTIYWINFLLSLFTGLIVFASSLPISEFYKMPQLESLIMLASINFVFLGSLSQYQAHYIKAKKMILLSQIEIGAKFISFFFVVWAIYKTDLRTSAVVLGLILNAVLRLCFMSLFGNREWRPLFKFEKEIVHDVFKYGVYQLGSQVINQLRTQLDVIIVGKVLGGDSLGLYSLAKDLILQPLKLVSPVINRLALPRFAENQRELHELKAIFLKGTFVIAAFSSCIYISIYLFSPIIITLLYGSERMPIMDILPFMLIFGALRPMGGLTGAIAQANGKTNVEFIWNIVAGIAVLCISSTIILFPKLWYVSLTLSIAQILVSFLVFPFFIKPIVSVSFISYIRQWIPVIIIFFIITSLMYAFNVNIYPFW
ERS659577_03800	MSLKEKTVRGAKWSAITTIASIAISFLQITLLAHILAPHQFGILTISLLIIMVADTISDFGISNSIIQKKEISNSELTTLYWINVSLGIFVFAVVFLFSRQISLLFNQPDVKELIQTLAFAFLIIPHGQQFRALMQKELDFTKVGIIETLSLIIGFTVTLTSAYVYPFAITAIWGYLCMSLSRTLMFSIVGRKIYKPSFSFKLQGISSNLKFGAFLTADALINQLNSNIATIVLSRSLGAIIAGGYNLASNVAVVPPSRLNPILTRVLFPAFSKIQNDNEKLKTNFYKLLSFVGLINFPALLGLLVVSNNFVLTLFGEKWIFITPILQVLCVVGLLRSIGNPIGALLMAKARVDVSFKFNVFKFFLFIPMIWLGAKFGGGTGAALGFLLVQVINTCLSYFILIKPVLGSSYREYIMSILLPLKMTLPTMLTAWLAGLFSLSGSPLITLVIQIIVGIVTFSMTLIFSNNQFVSEMKCYIVKNPKIRKFIRA
ERS659578_03800	MSLKEKTVRGAKWSAITTIASIAISFLQITLLAHILAPHQFGILTISLLIIMVADTISDFGISNSIIQKKEISNSELTTLYWINVSLGIFVFAVVFLFSRQISLLFNQPDVKELIQTLAFAFLIIPHGQQFRALMQKELDFTKVGIIETLSLIIGFTVTLTSAYVYPFAITAIWGYLCMSLSRTLMFSIVGRKIYKPSFSFKLQGISSNLKFGAFLTADALINQLNSNIATIVLSRSLGAIIAGGYNLASNVAVVPPSRLNPILTRVLFPAFSKIQNDNEKLKTNFYKLLSFVGLINFPALLGLLVVSNNFVLTLFGEKWIFITPILQVLCVVGLLRSIGNPIGALLMAKARVDVSFKFNVFKFFLFIPMIWLGAKFGGGTGAALGFLLVQVINTCLSYFILIKPVLGSSYREYIMSILLPLKMTLPTMLTAWLAGLFSLSGSPLITLVIQIIVGIVTFSMTLIFSNNQFVSEMKCYIVKNPKIRKFIRA
ERS659579_01560	MNKITSLVKEKSIINVIWLSADSFFRLGLGFIVSVWLARYLGPSDFGMYNYAFAMITIYSAVASLGMNGVVVRELITGDVDSGVILGTSFFLQCIGSVVASVLVVVTTMLLRPNEWNLILIIATMVPSILLRSSDILKYWFESIISAKYTVLAQNVAFFISSILKVIIIFYNGSYLLISFTVSLEVLITSILLFSFYKRKKYKIVWKLELSEAKRLLALSWPLIISGVALMLYMRIDQIMIGNMIGNAAVGVYSVAVKMVEIWYFLPVAIVSSFFPKIINSKKVSEEKYNNQLQFLYDVLVVFSVALALVVTFLSDYIIHLFYSEQYFAASKLIKLYSWVSVFYFLSSASGRWYINEGLQKYALNRNLLGLGLGIFLNFLLIPRFGAEGSVYATLIAYSCAGYFFDVLSKKTRVVFYQKSKSLWVPGAVLRLKNKFMG
ERS659580_01643	MSTDKNKRIAKNTIMLYSRMIMIMIVSLYTSRILLQALGVKDLGIYSIIAGVIVLFGFIQNVTTLATQRFLSMGLGRNDYVWTNRAFNTSVVVHFGIAIIILVLGETIGLWFVNSHLSIPSDRVKDVAWIFHFSLLALSVQILQTPFIASIIACERMEVYAKIGVLDAFQRWFVVFLLGAFSFNDNLKAYAVLVLCGYLFIFLCYSLFCIMKFEICKMDFKVDKKILIEMFSFSGWTLLGSISVVALSQGIAILVNIFFGVVANASLGLSDQVLAAINRVTGNFQTAFNPQIIKSYAAGDLSYLKKLITQASKLSFGLVLLAVVPLFTDTHFILSIWLNTVPEYLVSLVKIVVLYVLIDCLSGPFVTVIYAVGKLKRYQITISCIILLNLFFAVVLVYSRLPLYVVVFARVSSTLLLLFYRMKIVSGVIDYDIRGYILNVLMKLFIVATVSFICAYWVDIFLPETYVGLLALTFLSSLFILILFYFFVLSKDEKNFCKHKGKKIYSKIFN
ERS659581_01596	MKASTLLRGGAYFFLSICVVSYFYFFVEGNAFYYILAVSIAYFFSAIDVALIYNNAMLISKLNTIANVIGLFFGLLIRYVIAYLELNPLYLSVPIVLTTLIPFIIRLIIFERKKNNIFPDGYSININKMKKYSKYMFLAGVGIVAASISVAVYSRVNQFTLGAVDGTASVGVYSVALTLSTSWGFVSQALITSFYSKIYSTDDRLISLEMAAKLNQLVFFISLAFISLIVIFGQFVLTVLYGDEYSSAYIPMVILCIGSMLSSLGTVSYRYIIKLSGYYFLSRKMFLLLIISLPLSYFSILYYGIIGASVSFVIVELLSLTVMNYFFSNGVIWKMHKMSFAKWRVS
ERS685293_01694	MKNIKNFLHVLLLQGGNYLFPLVTIPIASRVFGPDLIGTFNYYTYIVSFYCMIVEFGFGYSGVRLLTRNPENKSKIFNEILTAKFLILFLVSLFALFYSYKFISQSDFILFGTCYLLVLSSLCNVNWFFQATGDFSLITKVSLFTKFISILLIVFFVKNKDDLLLYSLIVNIPMVLSSLFSLWYCRIKYKIRLNLPNLKDTLILIKSEMWIFLSKISSFLYTTMGVVFLGFLATSYDVGIYTSAQKIVMLFISAIITPLSFIVFPALSKRFGVSVEHGLNSFRKFMPLLCMCCFGSFLFIFFFGGKVILIMMGAQFKDSINVLNVLSFGYVFVFWGAVIGGQIVLNLKYDKQFVQMQWFVAFLSFIFNVLFLKKYGAMGLAYIWTISEFIMTFMQCVFIKYKGIRIIDWEQFKIKNMITNFKDLLRH
ERS685294_01636	MNKYTKLLNNSIIFAFGSLSSKLIVILLVPLYTYYLSSQDYGVVDLITSTQALLMPFITLTVEQAILRYIIGSKDKNEINSIFSSAFFICVISVFVFLIVCIILFYFRVWDPKLIFYFYLLICISSFQVIFSTYLRAVDKNKIFAVNGIIQVLTLLVFNVLFLVVMDLGIDGYLISLILSYVVSTIFCLCNSRDVGISYKLVYSKTLRKIISFSFPLIPNYSMWWLVNNSTRYVVLSFVGLSANGLFAVASKIPMCINVFVTVFQQAWQISAFEEFESQDRSKYYSSVFRHYYLFLFLLASFLLVINKWIFTYLVSDEYFLAWEMVPFLVFGVLYQTFSSFLGTIYTANYKTKSVFMTSAIGAGISIGSNFIFIPLYGAAYAGLGAALGFFIMWVFRLRDTRKIVYTELNYLEFFLLNVVYLIQIALLFIFRESSLFMVTAVQSFTFCIVIFISRSFIYTTLTFAKKKFLKKH
ERS686706_01570	MSGKKVAKNAFMLYIRMSIMLLVNLYMSRVVLNTLGVTDFGIYNVTGGVVLMFSFISNTMASASQRFFSYEIGKGNSEKLKGLFSATFIIYLSFAIIIFILAETIGYWFVSNHLNIPAERYDAAKFVYHASIFTFIFTIIRVPFTSFIIAKERMSFFAWSSIIEALLKLCLAFTIVYISFDKLELYALLMLFVSVVITFWYYIFCKLAFIETKLMLVKEKKIFSELTSYAGWNSFTSIANIMVDQGINITLNIFFGPVVNAARSISYQIKAQVTTFVGNVQMAANPHIIKLYAEGKYNEMENIVLLSSRVTYYFMFVVALPFLLETDIILKWWLINIPPHTVLFCQLVIVNILIETISGTVTSAIQATGKIRKYQTIVGCILLTSVPLAYMLLSFGLSPEITVILTCILSLICVAVRLLIYRELLKTRITIYFKKVIFSCMSVSIIASVIPILAKNYLLEGQGVVSFIFISMLCLICTITTIIIIGITNEERAFLFNKFLKILKKKG
ERS686707_01658	MGILSNTKWVAVSQLFKIGVQLLNIVVLARLIPPSEYGLMAMALVVTNFATLVRDLGTSAAIIQRKDLSNQTINAIFWLNVSMGVGIGVIIVILSPLISFLFHQEKLITVLCLLAISFPLASSSSSHLALLERDSKFRSIAFIEITSSATAVILAITLAYMNWGVYSLVIQAITLACMSTFQLWYKSKWRPNVRKIFDFDEIKGLLGFSGNLTLFNFINYFSRNADSMIIGHYMSSAILGAYSLAYRVMLFPIQNLTFVITRALFPVFSTYQEDNVKLKETYLNTLYYILMLVLPLMIGLMALNEPFVKLVFGDKWNETAFILSWLAPTGIIQAVLSTSGTIFMAKAKTNMLMKLGIIGAILQVGAFIIGAHFNIITFAKLYFFANVINFFPVMLSVMYCINGNLIDLFKKIYPLLICAIALFYIITLLILRVSYFTNINSLSKLFIVSIFSAVVYIIMVFAVNPKLCLSIIRKYNGNH
ERS686708_02333	MLYSRMIIIMFVSLYTSRILLQALGVTDLGVYSIIAGIIILFGFIQNVTTLATQRFLSIGLGKEDLDWTNKAFNTSIIVHLAIAIIILLIGESVGLWFVKNKLSIPTARINDVSWVFQFSLVALIIQIIQTPYIAAIIACEKMEVYAKIGIIDAFQRWFIVFLLSSIEFDDKLKTYPVLVLLGYICVFLCYFFFSIKKFYICKLNFKVNKNILYEMFSFSSWTLAGSLSVVALSQGIAILINIFFGVIANASLGLSDQVLAAINRVTGNFQTAFNPQIIKSYASGNIVYLKKLIVQSSKLSFGLVLMAVVPIYVDTHYILSIWLGTVPEYLVLLVKVVTLYVLIDCLSGPFVTVIYAVGKLKRYQLTISIIILSNLVLAFILVLFKLPLFMIVMARVSSVAALLAYRLWVVGELIRFNVKDFLLNVIFRLSCVAVFSILIAEILNKFFPQDVFGFIYLLVMSSGTIIALFYFIALTIEDKIFFKEKAVLFYSKLFR
ERS686709_03117	MSTEKNKRIAKNTIMLYTRMIMIMIVSLYTSRILLQALGVKDLGIYSIIAGVIILFGFIQNVTTLATQRFLSMGLGRNDIIWTNRAFNTSVVVHFGIAIIILILGETIGLWFVKSHLSIPTDRIKDVAWIFHFSLLALSVQILQTPFIAAIIACEKMEIYAKIGVLDAFQRWFIVFLLGVFSFNDNLKAYAVLVFCGYLFIFLCYYLFCIWKFEICKIDLKVDKEILIEIFSFSGWTLIGSMSVVALSQGIAILVNIFFGVVANASLGLSDQVLAAINRVTGNFQTAFNPQIIKSYAAGELSYLKRLITQASKLSFGLVLLAVVPLFTDTHFILSLWLNHVPEYLVSLVKIVVIYVLIDCLSGPFVTVIYAVGKLKRYQITISCIILLNLLFAVILVYSQLPLYVVVFARVSSTLLLLFYRMKIVSNVIHYDIREYVLKVLMKLFIVAITSFLSAYWIDMFLPETYVGLLTLILLSSLFVLILFYSFVLSKDEKNFCIQKGKKFYSKVFN
ERS686710_01441	MNLLSNAKWNAFSQFFKICVQLVNVIYLAKIIPPSEYGLMAMALVIINLGMLLRDLGTSSAIIRQKELTNDLINTVFWVNVLMGCIFALLVILGSPVISEIYKQPRLIEVLISMSIIFPLSSSASAHLALLQRESKFKVISFIEIFSSTVSVILALITAKMGFGVYSLVIQAVSLNLISAIQFWICSKWHPSFSKIIVYHELKKIFGFSANVSLFNIINYFARNADSFIIGRYMSIVVLGSYNLAYRIMLFPLQSLTFVATRSLYPVLSHHQDDNKKIASIYLNCTFFVLFLSAPLMSGIAVLSVPFVNWVFGPQWHITANILTWLAPIGIMQSVLSTTGSVFMAKNKTRTLLYLGIFGTLLQLTSFIIGAKLDIVSFVKLYFIANVINFFPAMYFVFKILDSSIVVFLKKILPIILSTLLMVSAIYIYLQSLVARSDVFIVLTSTCIGVVVYFLASFFSSSDIRELIIKKISKKQHQSF
ERS686711_01772	MAMAVVITNFGILLRDLGTSAAIIQRKELTENIKTTIFWLNTILGFSLAVLIILLAPFIAIVYHQSELTQVLVLLSITFPLSSCAATHLALMERESKFKSISMIEVSSSLISVIIAVIFANLGFGVYSLVWQAIVMNFMSALQFWYNSKWRPGWRISIRLVDIKEIFGFSANLSLFNLINYFSRNADSFIIGKFMAAAILGSYNLAYRIMLFPLQSLSFVATRSLYPILSRSQEQNQIIRNTYYNCVFVILLITAPLMSGIALYSKPFIFLFFGPQWYITADVLKWLAPTAIIQSVLSTTGAVFMAKGKTDILMRLGVIGAILQVGAFLLGVHFSITTFTLFYLIANILNFFPVMYCLLKLISGDFFSFFNKIKSIIFSTLGMIFILKLIDCFIIGDKGVQSLWGLTLIVMIGVFCYFSFLMVFSFQFRYVIIKKLKK
ERS701896_01614	MSKNKLIVKNTLYLAIRTLLSLFISFYTTRIVLHELGVSDYGLFSVIYGTVAFFVFIVSAMNDSVQRFISINLGADNYPAVSNTLKNSILIYFSGGVFFCLFLLLIRNYVVGHLLTIDLNSLSTAKEVYIIALFSIFISIIQTPFNALVLAHEKMSFYAYMAIFDSLSKLIVSFVLIVLPYNKLIIYSLLLLLSSFTSFCIYVLYCYKKFPLSFKGGVFSPKIIKDITMFSFWNTFGNFAYVCRTQGINIAINIFFATTVNAAYALSATILNAINSLTQSLVSAVRPQIFKSYAEMNEQRYLTLVTYCSKYTFSFLFLISCPVLICTKELLSLWLVNIPPYTIGFVRLVIIVALIDSFSSSIIAGVQAVGKIKVYQLTVSFFVFISLPFAYLFFKLGLPPFSAYIPLIITSLINLFLRAYFLARYTNFDFLIYFSRVVLPCISTAVITYAVSYYINTMLSPQGVLLTLLACSFYSLIFLFFALVFVVSKPEKKIILTTVISKYHAYRIRK
ERS702127_01832	MDVFLCEVWDLNRYSKLLNNSIIFALGNLGSKLVVILLVPLYTFYLTAQDYGVVDLISSTQALMMPFITLTIEQALLRYIISNQNKDETNSLFSTSLFICICTLIVLLILCLVVAMFSIWNVKLIIYFYLLVFVAVVQVLFSTYLRAVGKTKIFAFSGVLQVVALLILNGLFLVYFKLGINGYLISLIGSYIFSSLYCIYYARDITISYKSVNKEVFHKIIRFSLPLIPNYSMWWLVNNSTRYVVLSFVGLSANGLFAVASKIPMCINVFVTVFQQAWQISAFEEFESKDRAKYYSSVFRSYYQFLFLLASILLVLNKDIFRYLVSSEYFMAWQMVPFLIYGVLYQTFSSFLGTIYTANYKTKSVFLTSLIGAGISIGANFIFIPLYGPAYAGVGASLGFFIMWYLRLKDTRKIIYTELKLIEFSFLNVVYIVQVIFLFLIDDYSWLIQLFIQLLCFTIIVFLTRDFFGSVFVFIKQRMLKKRA
ERS702128_01640	MKNSNESDNLQSDKKSLYSGVAWYFFSNLFPAFSSLLIFSLASRIITPGDLGAVTLAATITTILTSICAVGFGDALIQLRNVEKKHYNTVFFICLISSMFIYFISSLIVEYYVAPTFDVVFKTVYPVIALKIIIDSCAIVPLSFLTRTMAFKSIAIRTMYCSIASIILCLPVLYFGGGVWAIVLSQLSTSVISYIILATSSNLTLRPIFDKSSFSELSRFGITTTFTKLVTSISIDNVIIGVYGSVTTLGIYAFSRRVFGSIADVLNNAIANVSYPLYASVQTKPSQLKNVFFKTTFFSTLLSLPAFTGLIIISPHLIPLIFGTQWIVAIPVIQVCCVIGFISCIGSLQMSLIKGLGNTAWILKYQIFQQITTALLVFLFARDGALVLILSIAIKTFIIWPYTVYYISRILGVTTFSYISNFIKPFTSVILMYLGCYVIDRELSGSNELWNVLSLIFSGVVIYCVFIFILARKEISESLTAIKKSKKPKVENYE
ERS702129_01584	MDVKNKAIAKNTFFLVVRTIISLLITLYTTRIVLKELGVEDYGVFSLVYGVVMLFTFINTSMNESVQRYFAVHYGRGEYKDLGAFFKSSIYLYFFIALFFFIFMLSLRHYVIFDFLNIANEKKDVASNIYIVAVIGILFSVMQTPSNSLVLAAERMSFYAYVSIFESILKLLASIGITLIAHEKLFYYSILLLISSIIIFLTYSIFVFVKFKNIIFLGNADRNKAKELFYFSFWNVLGNFSTVLRIQGVNIIINLFFSTTANAAYAVSNSINGALNSLSTSLNIAIKPQIYKAYATGDMDRYFQLIIHGSKLTFLFLFLLCMPIFINLHGILTFWLINPPVYTYLLTFIVLLVSLIDSLSFPLMAALQATGRIKTYQLIVSSITILSIPVIYLLFNFGFSLYILGVVLIASSILTLCIRVHLLDLLTSVKKKTLYLKAIIPCFLGAAISSLLILSCHRFFLDDGIFHIIISSICVDIITISIFYILIFNRKEKMMINNFVSKIFRKLLRNN
ERS702130_01086	MNLLNNVKWVSFSQFIKLCCQFVSVIFLSRLLSPHDIGLMAMALVVVNFANIIRDLGSSAAIIQRKEVTEGLKCSLFYLNLLFGLLLFVIIFISAPYISTYFHSEGLVDVLRWLSLSFPIYSITSINLALLERQSRFKVISFIEMSTSVSSLILAICLAFSGFGVFSLVYQTICYAVLSAILFTTYSGWLPKIYFSFKEIKSVFSFTSNLIIFNLINYFSRNLDQIIIGKYFSSQILGVYSLAYRVMLFPVQNITFVLSRSMYPVLSHYCDDKSKAFDIYLNTIKNIAMITPVIMFGLSVVSKDFVFVFLGEKWLGVSSILIYLAPTAILQSFISTTGTVFMSQGRTDLLLKISIFNCILQCAAFIIGINYNITTFVILYFFANFIMFFPNLYLAVKVLDGHFIKVLKCISRPLLVAALTSISVVIIRNFLPLFNSVGAMSLSFSCLVGCLIYVILLFYFERDFCKVVILKILRKA
ERS702131_03400	MGQGVFFLLTLFLAYKGLTPDVANISIAIGVLSLIQWCADGGGVFLLGRYCAKNILSEVIGTLYIVRIFYSLVVFVVLFYILPLFYHNDFLHECIKYSFILCVFGAANISGLADFLGKNKIIGPFASLPWLFVSIYIIWEYYIGNITNNQYSSVAIVISYTTGFVISLLVQYSVCWHFFEKTKIKLFSYKKLIFNEVGGFFFSYFLSQSYARLLPILVDMYLGKATAGLFAIAKTFLNIFSQLLMFLRRVENEKIIKVTESSNSSCSDIKPQNIELLLLKMSWRTSKFILATSFVSIGALYCIALLMPVVSQKIVLIWWFISISLSTLVIWNYSSILGQSLIISGKTTEYALILFVSLLVNIAINIFLFSSFGLWSIIIAELIMYIIQILIFIFKIRYQRRDKKYVL
ERS702132_01479	MSKISYIFKERSVTNIIWLMSDSILRLGLGFVVNVWLARYLGPAEFGSFNYSFAMIAIYSAVASLGMNGVVVRELVKGDIDKSIIMGTSFVLQIIGSMSASVLVILTVMLLRPNEPSLMLAVICMVPSVLFRSSDIIKYWFESTVSSKYTVISQNIAFFASAFVKIFIIYFGGSYYLIAATVTLEAFMLSLLLFFFYKKKEKLFQWKFDYEESKRLLSISWPLVLSGVALMLYMRIDQIMIGNIIGDTAVGIYSVAVKMVEVWYFIPVAIVSSLFPKIIKIREHSKESYDQRLQFLYDILVIIGVTLALTITFVSDYIISLLYEHHYFAASRIIKLYAWVSIFYFLSSASGRWYINEGLQKYALTRNLAGLVIGVILNYILIPKYGAEGSVYATLIAFGCAGYLFDALSKKTRYAFIQKTKSLWLPGNILRLITYYKRK
ERS702133_01869	MSKNKLIVKNTIFLATRTVVSILISLYTTRVVLYQLGTNDYGLFNVIYGVVALTVFLSAAMNESVQRYISLDLGRGDIQAVRNTIKNSLCIYLFLSLSFTFVLFSLNNYVITSLINIPHSSIIVAKKVYGIAVLSIFISIIQTPFNAIVIAHERMSFYAYMSIFDVSSKLLIAFSLSIVTHDKVLFYSLFLLFSSVITFIIYTVFCFFSFKDNFKNGFLSISVMKDIASFSFWNIFGNFAYVCRTQGINIAINIFFSTATNAAYAISTSVLNAMTSLTQSLALAIRPQIFKSYVNQSDSNRYKMLIFFGSKYTFSLLFLLSFPIILLTEQVLSIWLVNVPFCAVIFVRIILSVALVDSLSSSIIAGIQASGRIKVYQLVVGFMVFMSLPLTYFSYKLNYPPYSAFVILFIISIINLNLRIFFLKKATGFTFKDYYSLVILPCMCSVILVIATNYFLLNFFKYDSILNTFVSITLHYIVTFFVLCITVPSKEERQFVLNYMLRKFK
ERS706552_01729	MNKKILFNSIWMVSEKIVSIFGLFFVTSFVAKYVGPYIYGEIAYVSSLFQITLVIAQLGSDVIIFKRLSKNKISGIRLLKTTVPIRIFIYSLVSIPIVILNFDINSHTINYFIIASFFACLFSSLDVYSIYYNVRLESKKNAMINVVGLVISLIIRWVIAYFKLPAETLSIPIVVTTLIPFILRSIMFNRMENDGVNINRRKVFKYSRYLLLTGMTFVISAVSVAIYTRLSIWFLDYFYGKSYVGIFSIAVSLASSWSFVLLAIITSSFPQIFSENKDLEAIRKAGNLGRVILVISIFIIIFIYLIGGYLLQLLYGEKYSSSFEPLIILSISTMVSSLGVISSRFIAKYSGYSYLAKKTIVVLFLSACFNYYSVKYYGMQGAAWATLATELFSLTVLNYFFKHGIVFKVHKNILFRTSSKVS
ERS706553_01619	MSKYFGTGEINGAYRIAQSGTLVPINFMISDSLNSAFIPLYKKYLLENTDKAETFKWCIFLLFVIMSSFLFIALYLFSGFWVDVLAPGINESTRLISINLLKIMALCCPFYLCSALMNYVSMAHNDFKPMSMRNPVQNIGMLIGVFIAYYFEKVEFLAWGFTGSYIYFFMWSLVRKDSKKIIMLPAKFEYVEIKGVIGDFWSILKPLLLLPLLLQGNITLERALSSLVSLEAVSSLDYAKFVTETVVFFLSVPVAFAGLSAWVGLDTNIVKRKLEELYTILIVLGFSVSGFLFFYAEDIIKLLFQRGAFNQHSVEVTSDYLRGMCIGLWAQVIGYIFLKALSAQLKNKKVLFSMAIALFGNAIFNLLTYSTYGALGIGLGCSVYGILLLLSSAYFMGIHKILFYPFIKLLLGMMVYYILIYSFFSNSGLTGLVIVDLAFNGLVYLLFFFVWCMIFRDIRNKFVNVFISKKRGGNE
ERS706554_01248	MIVILLVPLYTFYLTTQDYGLVDLVASSQALLMPFITITAEQALLRYIIGEKDKDIINSVFSTALFISIVMLVFFLFFCVLFYYFHVWSGKIIVYFYLLVFMAALQILFSTYLRAIGKSKNFALSGVIQVLSILFFNLIFLVYMKLGVDGYLISLICSYFVSNLYCFAYSRCLSIRFSEITRVSAKKIIAFSLPLIPNYSMWWVVNNSTRYVVLSYLGLSANGLFAVASKIPTCINVFVTVFQQAWQISAFEEFDSHDRSKYYSTVFRAYYQFLFIIASFLLVLNKIIFENFVSHEFMMAWKMVPLLILGVLYQTFSSFLGTIYTANYKTKDVFLTSFVGAGISIGANFIFIPMYGEVYAGLGASLGFFIMWLLRLIGTRKIVYTKIYYLEFILLNGMFLVQTFLLFLLNDISGEGQFFVQFLCFLMTMFLSKNFLSVLFLFFKNKILSKYINV
ERS706555_01669	MSLKQKTIRSAKWSAISTLVVVLFGFLQITLLSRIIPPYQFGILTIIIAITLLAETLSDFGISNSIIQQKDIDDIQLSTLYWINVLFGIFVFISFYFAATRIAVWLGIVELKPLIQIIASAFLVIPHGQQYRALLQKELKFDIVGKVESLSYLLGFIVSIILAFYLKNAMCAVIGYLFNVISRTFLLILKGNCYPRPKLTLHFFSVKDNLRFGAYLTADSIVNYINSNMSTALITKLLGATATGGYNIAYNVAVNPPSKINPILTRVLFPAFSQIQNDLQKLRINFFKLLSIVGFLNFPALVGLCLVASDFVYVLFGQNWMFIVSAMQLLSLAGLLRAIGNPIGSLLMAKARVDLSFKFNVVKIFMFAPALYFGAKYAGVTGVAVGFLSVQTLNTILTYFVLIRPVLGKCYLEYISSILSPFLHVVPMIMVISFLNELLILDNKLLSLFIKILVGVLVYGITILVSKNTLLAEVKSAFLKRSK
ERS706556_01587	MQKKNIVNAFWIMSEKIISIFGLFFVTSFVAKYIGPYRFGQIALSIAIFQVVQVISQMGCDNILFKRASKKKTSAISLIASTFHLRTFLYFVLSFFILCYFSITGDAISLIFVASVCLAYYILTIDVYSIYNDAILNSKMNTYANILGLIVGLSVRYIIAYFKMPIFYLAIPIVLTTFIPFTIRLLCAPKAKKICWKDKIKYNKYILQTGISLVISTVSMTIYSRINQFSVSFIEGSYDLGVYSVALTLGTAWGFVGNAVAISFLSKIYAETDDHKAMEITAGLSLGIIFLLIMFPCVFIFIGPWVIQILYGNDYSAAYPVAVILCFSTIISTLGFVSNRFIVRFSGYNYLSKKTMVILFISIPLSSLFTYCWGIVGSAYSVITIELMSLTVFNYFYNKRVVLKMHKKMLNIKNLKYILR
ERS715399_01685	MKKDLKSITQVLSVGFSNVLLTFFQAILLTRLLTIEDRGHVQLFIVSTTIFSSFFISGAGNTIAYCVRDGKKKGYVAILATLSLFLLIGLVVKFLLSNQTYQLLFFITQVVMLCVMQLTIELLKIQGSLKYYKLFSFLSPFFFFVITTIVFMTHKLVSSDYAILMVILSNTLSSIMGVYFIYKVMNENNANDDIPRLVFIKYYIKQYAMQVFGIVTNNMDKYLIGNFTGISALGLYSTAAAFNTLPLKFYNVLSDYLFSGYVNKKNNEKIVLQVAIFGGVIGCLCAFAFSELLIKIAFGERYLSSHVYLPYIIINMVISGIAWVLTQKALISGSQVLIIIRQLIGLIAFAAIFFFLQPYGLWGAIIALMTGSIIRLIISILFFIKIKI
ERS715400_01605	MRKNSIINAMWMMSEKVITLFGLFFVTSFVAKYIGPSRFGQLALAIAIFQVVQVVAQLGCDNIIFKRVSQNATSGLKLIYSSFAIRAAIYIFIAFIVLAFFYKDTDFINFVFLLSVCIACFFTSMDVFTIYNDATLNSKFNTIANVFGLIIGLVLRYIIAFFELPIHLLSLPIILTTMVPFIIRLYFTPKIRNIKLKYKRRYNSYLFATGIPLVISTISMTIYSRVNQFSLSYFSGSYELGIYSVALTLGTAWVFIGNALSISFLSKIYSEKDEFLAKDKTSGLIASVFTVLLVFPVFFVLFGKRIIFILYGNDYLAAYNILVILCLSTIVTSLGFISNRYIVKLSGYNYLSKKTILILLFSIPISIAMVYQWGLYGAAYSVLIIELLSLTIMNYFFREGVVLKMHLGAFNLRNIKKLK
ERS715401_05059	MYKRILKMLMSQGFGLLMNIIEKLLMVPLFIHAWGLAKFGEWILVRTIPNILLTSDIGISSHTGNEVNYYAENKNYKQVAKTIYLSVIMMIIIITALMLIGILQFLIDARGLFGVIIIPKKEFPLAVFLMIIHASLILVSQLICGIGRVKDNYTFYAFWAQMARFVEITSVSFSLFFYQADIIIVSLCYVLTRVLINSIMMFVLIKELRNLGCLGAFKGIPFNEYLAFIRKSVSYASISITQTVFMQGSSIIVANLFGPAMLAIITIARNVSRFLVMFSSLLSKSIWTELTKLWAKGEVVKFKKIFNKFAIVNSFIITVGFTLMIVFYPFILKWFNINQNMVTNTFWIYIAVCLHSFLLAISYYSNIALIASSNHVGYAKLITMLSFLSLIIFALISYFLREIVTAYFIAFCSIELLTIAMIHFIFMKKIK
ERS715409_01642	MVSIKFVRNFASLGTMQVINYIVPILLTPFLVMKIGIANVGIIATSMAVATYIQLFIDYGFNLTATREIAKDGYNDFNASKITSAVYNIKLLLSFISLVFICLLAVFVPYFRECFWVLFFSFLLIVTQSFFPVWHFQGAERMQYIGLCNSIPRIISAILILIFVKKPSDAWMVQFILFIGSFFALLMAIFILISRFNYKYYFSHDEIRKQFKVGKSIFIARIASGLYKNFNVLILGYCATPSAVGVYSIAEKILRSMQMVQNVVGDVLYPFFSKNTMSSKDFFKIQIKKYKLILVSVYLIASAVIYLFSDYIAYILAHSARADVSLSMKIMSFAFFFGGMNYIYAILGLTSSGYSGYFSKCVVITGFFNVIVASVLSYQYSFIGTSIALVTSEFFLLAIVLFYSKKAGIV
ERS715410_02146	MRINLRNKVLSNSIWMILEKVISIFGLIFVTSYVAKYIGPANFGKISYVASIFIIIQAICNFGSEYLLFRRVSQNPISGRRLIHSTAVMRHLLFFILSLGVLFYLQINSDHVTFIFGIATAVAYYFATIDVVAVYNNATLNSKINTICNVIGLVTSLLIRYVIVLYKLDILFLSLPIILVTLVPYLLRRYLYRKEHSRTHGFHKAKFRNKLRYSRYMFMAGIPLAISSVSVIIYARITQFVIMHFGGDAELGIFSVASQLATAWMFITTSIITSYYSKIYAESNKDKAALMVARLHGLIFMISVFVIFNIVLFGKWVVHILYGEAYETAYPIMLILCVNSLFSAMVPIVNKYIVYDSGYAYLSKKTVAVAVVTIPIAIFLTKLHGVEGAAFSTVVTEFLSLTIFNYFFKSAVVLKIQISSLKPSTYKIVSKYE
ERS715468_01624	MLKIKGKSLGSILKSRNEAFYNSLWLLSERVITILFTFTVGIFLARYLGPNDFGVYNYLISIITLLSPLTALGLNAVVVRDLVDAQREDHDDTNVILGTSCVLRFFGGLFACASLLFVDIYFNISQNNTLWLVLLASANIFSCFQVVDFWLQSKVNSKYSAILRLSIFITSSLVKLISIIFFSCGLKTILIIQTFEVLASGVLYVPLYKYLKGKIFNWSYNKNKAKTLMSKSWWLILSGVAEVLYLKIDQIMLGMINGYSTVATYAVAARLSEAWYFFPTIITASFFPLLILAKKESEEKYKHTLLDLSRKLFFCALIISIFITIIAHTAINILYGEAYAESATILIIHIWASLFVFMRAVLSKWLVIENMLPFSLVTHISGAIVNIILNLILIPKMGGIGSAIATVISYSISSYFSLFIFKRTRVMGWIMTKAIFTCFLIFRGKNETIHK
ERS715469_01585	MTLLSNAKWNMASQFIKMLVQLTNIVYLAKIIPPSEYGLMAMALVVVNLGILLRDLGTSAALIQRKDLTESLINTVFWLNLLMGLTLFVLVFSGSSVISSIYHQPKLTLVLMLLSFTFPLSSCAAAHLALLERDSKFKTVSRIEISSSLVSLVLAITLANMGFGVFSLVGQALILNLMSAIQFWLASNWKPSIRVFINYKDLKSIFSFSANLSMFNFINYFSRNADSFIIGKFMSASILGSYNLAYRIMLFPLQSLTFVATRSLYPILSKQQSNNQHISKIYLNCVYVVLFITCPLMSGLAFYSEPFIRLIFGDEWYLTGIVLKWLAPTAIIQAVLSTSGSVFMAKGRTDILLKLGIIGMILQVGAFIIGVQYTITTFAMCYLLANVINFFPVMWSLMSLLGESLNVFFKKNYSIVLATLVMLSYLKLIDYFFFPNAIASLNILVLLSFSGAVVYLLASLTLSATLRKFVLSKIKK
ERS715470_01622	MKKYLVNSVWVLLERIIRLVVMFVFFSLISRELSVFDFGIFSLSQTVFTLLAGIVVFGFDNVLIKEFSTNSNNEKFFSTAIISRLLLSFFCVLIFCIVIFFMDYSDTNKFVFIASSLGLFFQIQTIYYSYYQATSSSFIITKTSALALIISSIIKSIFIYYKLGIVYYALSFSLDYFFSCLFIYYVSRRNNIKVLFKNFDCKILKLLFIQSFPILLSTLIVMIYTRIDQFMIASMLGVEDVAKFSVAVRISDAYMFIPMAISVSFLPMVSRDPSGQNIQKYFHLTHFFTFFSGAFVIILSPIVINYFFGVRYHDSIAVVNIIVFANIISALGAVSSNILILRGITYLRIYRAIAGLVVNIGLNFYCIPKFGILGAAYSSLLSQVIAAWISNGFSKKTVDCFYFQSKSLLTFGIPSVAYIYNELRSKRIKDGE
ERS715471_00009	MIKEITTKMSKNKLIVKNTLFLATRTIFSLAISFYTTRIVLHQLGVSDYGLFSVIYGVVAFFVFIVSAMNDSVQRFISINLGLRNVASVRDTVKNSIVVYFLAGICLVSLLLSFRTYIIYGFLNIDAASLDAAKKLYIIALSSIFISVLQTPFNALVLANEKMSFYAYMTIFDACSKQAVSFLIVVIPYQKVVIYSLLLLASTIFVFCIYLVYCYAKFKAFLLGGKINIAIIKEITVFSFWNVFGNFAYVCRTQGINVVINVFFATTANAAYALSNTVLNAINSLTQSFITAIRPQIFKAYAEKNIDRYNLLINSGSKYTFSLLFILSCPVLLCTKQLLSLWLVNIPDYTIGFVRFVILVALIDSFSSSVITGIQATGKIKKYQIVVGFFVFISLPITYFLYHFGAPIYSVFIPLISTSFLNMFLRIYFVSSFSNFESRSFYKSVAIPCVFSASMSLVVCYYINMNVSYGGVIELLFFSALYSLISLVSVFIFVVSKEEKKMIVKYIGSNSK
ERS715471_04859	MIKEITTKMSKNKLIVKNTLFLATRTIFSLAISFYTTRIVLHQLGVSDYGLFSVIYGVVAFFVFIVSAMNDSVQRFISINLGLRNVASVRDTVKNSIVVYFLAGICLVSLLLSFRTYIIYGFLNIDAASLDAAKKLYIIALSSIFISVLQTPFNALVLANEKMSFYAYMTIFDACSKQAVSFLIVVIPYQKVVIYSLLLLASTIFVFCIYLVYCYAKFKAFLLGGKINIAIIKEITVFSFWNVFGNFAYVCRTQGINVVINVFFATTANAAYALSNTVLNAINSLTQSFITAIRPQIFKAYAEKNIDRYNLLINSGSKYTFSLLFILSCPVLLCTKQLLSLWLVNIPDYTIGFVRFVILVALIDSFSSSVITGIQATGKIKKYQIVVGFFVFISLPITYFLYHFGAPIYSVFIPLISTSFLNMFLRIYFVSSFSNFESRSFYKSVAIPCVFSASMSLVVCYYINMNVSYGGVIELLFFSALYSLISLVSVFIFVVSKEEKKMIVKYIGSNSK
ERS715472_01637	MSRKIIYNSFWMMGEKLISIFGLIFVTSFVAKYVGPEIYGQIALAMTIFQIIVVISQLGSDVIIFKRISRNEKSGRHLINATLNIRAFIYLIFSAPIIIYSYIVNADTETLAFVIATFVACFIQAMDVYSIYYDARLKSKTNTLTNILGLVVSLMFRWGIAWLMLNPIWLCVPICLTPAIPYFMRLYTYNKDNSSGYLKKKNKSRYNKYILSAGTSFVLSSISVALYTRLSLLTLGVMLGQTAVGIYSVAVTLATAWSFVLNSIITSNLPSIFSETNYERVIRKAAKLLIIVTAIGTPVIIGAFFLGGEFIEYFYGPQYIPSILPMQILCVATLLSSLGTVSARYIAKFSGYLFLSKKMMLVAVFGLVFNFIFVKYYGVLGAAIASLITEFISLTLLNYFFNHGMVFTLHKRCFLYRNKTAILGD
ERS715473_05166	MTSSLKKTAVSGLIWSAIERFSVQGTQFIVTIILARLISPEDFGLIGMITVFIALSDLIINGGFSQALIQKKQRTQDDFSTVFYFNIIIAVFIYGLIYYFAPYVAKFYNQMPLIDILRILAISVVLKSFCVVQNAILSIKLNFKLRTKINLISALLSGILAIYMAYKGLGVYALIYQTIIFSLLVSVFSFALIRWFPSLIFSYDSLKVLFNFGSKLLFASVVRTIVDNCYAILIGRFLSIRDVGYYTQGRNMPDVLSMNLYNVLQNVFFPLMSAHQDDKERLLKIYKKGIQGTAFIIIPAMVGLMLIADPFVHCVLSDKWKGAIIVIQWVALSRIIIPISALNCSIINAVGRSDIYLKIDLLKLPLTIGALLATFSFGLEVIVIGNVLVSAICFFINAYYPGKWFGFGAWEQLKKISPVIFCTLCMALPLYFIKLDNKLLEMILKLGIGPIIYSIMCYLLKVETFMEMCTLLKSKIKKESA
ERS718583_03815	MRYRSFFNLVFGFLIGQGAMFIAQTLLISKSEVALVGQITIGLGLLTLAQWLADAGGVFLIPRLLGSEENQQKKLACFINARFIFVTIIVISVLVYLIAKNSWHLYYGLVSFIIPVLLISSFSVLGYLDFYNETKASGTLSGVSWSLASLPLYYSYFYEGDRYIIGMSAGLLFVLGNALFIIIQCIKMKQVSKNGGVKLTYKDGFCIKQIKYSFYDIIKYNLNYGFSQSYGRFVPIFLNTLLGPVLAGYYIYAKSFANIANQFIAFSRRVEFSNLIAIHDGSVRKILSSQLISFGIACIFAIFCFGAELVECFYTLPIGNNTLLYIQIIALINLLWCLSSSFSQYFIAKGKLGFICITQLITYILSLSIIYFGVDYLSIYSVFVAESIMYVVQFLIFIVFLKTYKKL
ERS718584_01599	MIKKMFLPLFTGGLLGKFAGVFRELLMAWCFGTGPETSSFRITQTVLLSPINLFSSDIISGGLIPKYRALVDNDNVSAKSLFGAVLVINITLALVLTLFFLFFSTDITHFFLSEGENYFDVLHSFIYGAAFSVIPYVYSNICSSILVVHKELSPFSHRASIQAVFLSIGILLSFYLKDYNYFVYAFPLSYIFMSIWITFILVKINAIPKFDNVLITILNFFNSVKFLLLVPALYQIYWLVEKHIGSQISLTMISTYEYAKFYTETFISLISVPLGYAILASSHDETIKARKTILYYNFFVLFVSYVLFFLGWFFIKLVYQHGSFTSTDTSHVYEQLKILSLSLFFQANFYLNLKILSVKGRYSIIFLSVFLSVSSGMLSLFFLRDMLGVYIVAVSFFILNFVGSMTLMMIERNFERHMLFVFLGVCFLALYYFKGFH
ERS736962_01658	MSFVKNVSWMGMGTLVSIVVSVVSVPLILKIFSIQETSYFLWLWTLIGIMNLADMGASRGVSKYISSGCNRNRILLYAFSYVSIVFIFLLIAFVISSLVLNSLPWEKLPGFVKIDSLLIVLLSFLTFPLSGYIEGKGNFQYIAIIKNICNICSYALPIFYFYCNFEFEVIIYLSVVFSRALLFLLLCFFCFSHKKNDSKKSDAIEYIEQTTFSKFISFCLSVGLASTLGIIFLYWDRYLAISVLNNEKAVYYIAFSELIVKGYAIPGIITGVVFQYFSSGSYVKNKAWMSKIMRPRHFIAVAMIVSLITLFIYYLCQYYINQVLFGGKDVSDLNIVMYVMIYFSVLNCFSMIATTIGQALNNHKKILFYQVAFLPVFTIFSYVFSVNGYFIIGLILWYIRVPFVLLLTLKLNFLKFKNTHEI
ERS739094_02992	MKKLTSNIAFLMSEKVIVLLIGLLSNVVVIRYLGVENFGQLALFQVYYALIVSITEFGLRRVYSSLQSVKREKLVFLQTLKIKILISFIFSLVVVTFIGLRGDETYYYWLLLAVLASPLELYVYHFEANLKNDLLVKIRVTVAIALAILRITLCLLKADLYLIAISFALNNLIINFICCFMVTRRHNFLVKIKSNSAKKVITKHIFERSFFFWVSMVIVQVNMRTDQLMLSSIATVAQVGIYAGAYKLIEQLMAVPSILSSVFLPYISKNKEMNKDAYLTKLYAFILFTTLIICVPAVLCAPYIIPLLLGNGFEASVPVFQILCLSFPFLALANISGLYYSLNMLEKFAVFRNACGLGSSLVLNYIFIKEFGTNGAAFSVMISYFLISFVYEYALKQTRKNAVMKLKAVKLIFTPYFYSELRSLVKPR
ERS739095_01523	MNKRILSMLLSQGFGLAINVIEKLLIVPLFIHSWGLAKFGEWILIRTIPNLLLTTDVGIASHAGNAISVAIIKKEYNAAAHVIKLSVFLIFLLLSIILVFGIGQFFFDLRSFLGIADSDVNLITYSVLFMSLHAGMILCSQILCSLGRATERYHIYNALSQFTRFLEIAFVCIVLITGGDIVEASIAYLLARLIVITIMISLLIKQLKFIKIEIFNAKVSLGQFFTFIKQSIPYAGIPFSQAVFLQGSSVIISSFYGPAVLAFVTVIRNTSRFMVMFSSLLGKSIWAELSRLWAEEKYKEFNRVFLKFNVVNFAILFMASVILVFGYDYFCQWFQLKDVATKQDYILYLVVSLHSLLIAISYYNSVSLLSTERHQKYAKIIMLNAILTTALFWLLSVLTDSLTWAYVLAFCITEMVIALWLLLISLNKNYLREREI
ERS743101_04378	MSNNKVMRNAGMLYVRMLVMLFVSLYTSRVVLNTLGVSDFGIYNVVGGIVLMFAFISNTMAGASQRFFSYEIGRNNFKRLKQLFSVTVTIYVFFCILITLLAETVGLWFIRSKMNIPIERVDAALFVYHASIISFIFTIIRIPYNSLIIAHEKMSFFATTSIIEAFLKLGGVFLLSLVEWDKLKLYSVIMLLVVFIITIVYYLYCRNNFKECKFILVRDKGIYAELSSYAGWNSFTTLANIGLDQGINVLLNIFFGPVVNAARGIAFQIKTQVTAFVGNIQMASAPQIIKYHAGNRKNELEKLVFLSSRVTYYFMFFIALPVLLQTEMLLKLWLIKVPPHAVVFTQLVIVNILIETISGTVTSAIQATGRIKAYQISVGVVLLLAVPISYLLLKQGFEPEITVIVTSFLSVICVLIRLIMFQVLLGVKVTSYLKKVLFNSIIISILSSILPLIIRFYCKDFGLAEIAIFLITCTSSVISTIATVYFFGLNSEEKKYFMNLINKKRA
ERS744787_01650	MGMLHNVKWVAFSQITKISCQLLGMVLFSRYLSAKEFGIMSMALVVVNFVNILRDLGSSAAIIQRDSVSDELKNSVFYLNLIFGFVLLALFMVLAPFISMFFKEPDLTFIIILLSICFPVNSSTAIHLSLLERESKFNLTAKVEIISSSLALITAALLVVNGGGIYSIVSQTIAYSLFSAIGFWLVSGWTPKFIFSFVEVKSILRFSSNLIGFNVINYFSRNSDQIIIGKFFNATLLGYYSLAYRIMLFPIQNITFVLTRSLYPILSRLQNDKKSSFGIYLNTLKSISIIIPPMMFGLAVISKDFITVVFGEQWAPVSSILIWLAPTAILQSLISTTGSVFMSQGKTDLLLKISIYNAVLQISSFLIGGFFSLSIMVKLYLVANLLMFFPNMYLAISLLKGSFSALIIIFFKNLILATIMASFVHSLSLIPFFSEVSIFCSLLVKIISGVVLYLFLLFLFERDFILSKINLRE
ERS747603_03637	MNKRILSNSIWMMSEKIISLFGLIFVTSFVAKYVGAEVFGQIAFATSLFQIAMIIAQLGSDVIIFKRVSKKIDSGVRLITSTIYLRAITYILTAIPIVIVSYEKNDVNALFFIIACAISCFFNAMDVFGIYYDARLESRKNTIINMLGLIISLSLRWLIAFVHLEPVYLCLPIILTGFIPCAFRWGLFRKEHQFDSIKLKHKIKYMKYLLVAGLTFVVSTISVAIYTRVSMLSLGFFYDKSIVGVFSIAVSLAASWSFVCNSLITSSLPSIFSEKNDSVATHKASKLNLLVVIISLPIILSTYAFGSMIINALYGEAYKAAYIPLMILSFSTMISSLGVISSRFIARYSGYAFLSKKMFAILIFSLAVNIPFIYMYGMCGAAAATLLTELFSLTVFNYLFRRGLVLKMHLQTFIPRAGNR
ERS747611_01675	MSLFNNARWVAISQVVKIFVQLINIVYLARLIPPSEYGIMAMALVIINFGMLIRDLGTAAAIIQRKDIDNTIINSIFWLNLYMGLGIAICIVLFSPLISYFFREPKLIMVLVCIAIIFPLSSSSSAHLALLERDSKFKKIASIEITSSVIGVFIALFLAYKSFGVYSLVWQTIIFNALSTIQFWKASKWRPTFNKMFDFSGLKEIFGFSANLSIFNLINYFSRNADSFIIGRYMASSVLGAYSLAYRIMLFPIASLTFVATRALFPILSKNQDDHETLKKTYLNCVFSILFIVVPLMSGLAFLSKPFVILVFGKEWLLTSSILLWLAPTAIIQSVLSTSGTVFMAKGRTDILMKLGILGMLLYMSAFIIGVQYNIITFAKFYFLANIINFFPAMYLLMKIINGNLFELFKKALPIFCMGLIMIAVMFIVRKPINSLFDEISFSYLLTMTFIGAITYFILTIVLLKPVRSFIINRVPFIG
ERS747612_01598	MNLINSAKWVAFSQFFKVIVQLVNIVYLARLIPPSEYGIMAMALVVINFGLLIRDLGTAAAIIQRKEIDDGIINSIFWLNLFMGLFIAVAIIFASPLIASFFHTPKLIYVLLLISLIFPISSSSAAHLALLERASKFRVISLIEIFSALIGLISALILAYQGYGVYSLVIQTIVLNIISTILFWKISKWRPQLSMMFKFSGLKQIVGFSVNLSLFNFVNYFSRNTDSFIIGRFMPSSVLGAYSLAYRVMLFPLQSLTFVVSRSLLPILSHHQNDNAIIRKTYSNCVFSILYLVVPLMSGLAYLSSPFVSVIFGNQWTLTAEILKWLAPTAIIQAVLSSTGTVFIAKGRTDLLLKLGILGTFLYVLSFLIGVNFDIITFSKLYFIANVLNFFPAMILMMRLIEGSLFTLLNKCFVIFFINFGMLAFLYFIDGLDFINAINEQVVYLILMISLGGGFYVLSSVLLIGKLRRFLLARFVN
ERS764450_01625	MSYNPKKETIYLYLVQISNMVVPLLVIPYLTSVFGVEYYGKLSYAQVVSLIALFFVDFGFNYSAAKEIGSNRESAAAVNKIYTNVQCIKTAIYFLVISVVFSLTLFLKQSEIDNDLLLIGALSAISSIVSPVWLFQGIGKLSLVAIPNLIVRLLSLVFIFTFVHDRSDIIMAAIIQLCSPFFAGLFVIVIVWRNNIAKFDRTLFSYSFSKTLVSESFHNFSASFLTLGFTYFNPLLIKYFLGDFALGLYSLADKLVTILRQLYTPIVQANFSQVCALYKKDMILEVSIKLRKIFLFFVALSLIAFVSNFFVGQYVLSVFFARGYGLEEIIQVNHLISIMIFTQFIISISLILVNLIIVPSGNSHYLKRVYALAFVLYLAIVYFMVKLIGVYGVALTITIIESFIIILFSLFVFKQKLVRLI
ERS764451_01602	MSLINNVKWVSISQIVKILCQILGMFIFSRLLSPAEIGIMAMALVVVNFTNIFRDLGTSAAVIQQPTVTEILKKTVFTLNVSFGVVVFFLVFFGAPLIASFFNEPLLINVLRLVAFSFPINSATAIHLSLLERDSNFSKIAIVEVASSVFALFIAILFSMNGAGVYSLVAQTLLYSIFSAFGFIFNSSWKIGFAFNYQEIKRIFSFTANLLGFNFLNFFSRNLDQVIIGKNFSAVILGHYSLAYRLMLFPIQNITFVLTRSLYPILSRLQDNPKDSFKTYLHSLKAIAIIIPPLMAGIALVSKDFIYVFFGEKWLPVASILLWLAPVAVMQSFVSTTGSVFMSKGKTNILLIISIYNAFLQIGAFIIGGFFDILILIKLYLIANLLMFIPNMYLAIRVLSGKLMDFFSVLIKPCFATGLMVLVVSFSELYLPFKIESHLVNFILHVVLGGIVYTCMIFILEKDFFLKRKQCL
ERS764452_01767	MRLFGLLKWKPIGEHMSKNGLIFKNTFFLAFRTILSLLVSLYTTRVILEEMGASGYGLFSVIYGTVGFFVFIVLAMNDSVQRFLSMKIGSDDTQGTRDIFKNSLLIYCVFGLLLVFCLFFLKNIALQNVLNIDVVSSNTANVIYIIACLSIFILVVQTPFNALVLSYEKMSFYAYMSIYDACSKLVLAFAISHMASPDKVILYSLLLLISSVTCFILYFIFCFINFRFALFGGRINRDFIKEIFSFSFWNVLGGFASVSRIQGLNILLNVYFSTVVNAAFAISNTVLNAINLLTQSLVTALRPQIYKSYAASDISRYRFLILMGSKFTFIFLSIISMPLIVNTQEILILWLKNPPEFGVAFVRIIVVMALIDSLSFSIMAGIQATGKIKAYQLLVGFVIFINLPISYILLKSGFSPQVIAFPLLITSIINLNLRTYFLVAKGVLSYSKYYCNVVLPCFIPIAVSFVILFYVKSFLLIDGLFYTVAFSFFSSFVTMVLLWLVAFSTDERRFCYSSIINVFRILKNKRKGL
ERS799795_02055	MNKSVFSNSLWMMSEKIISIFGLIFVTSYVAKYVGPNIYGQIAFATSLFQIVQIVSQMGSDVIIFKRLSKNNSSGIKLINETSFIRGVVYIFISIPIVFWSIESENNYSLYFIVACCLSCFFTSLDVYSVYYDARLESKKNVFVNVLGLIVSLFLRWGIAVFKLDPVFLSIPIIFTGMFPYFFRMYLFRKNLGIRASNKKNKFKYIRFLIASGSSFVISSISVAIYTRVSLLLLGFFCGSSLLGIYSVAVSLATSWIFVCNSFITSNLPSIFSSNNELETIKITAKLNILVILIGCVVISFAIIGGHYGISLLYGKDYVLAYTPFVILCAATLFSSLGTIASRFIAKYSGYSYLSKKAFCVLILSIMLNVIFINLWGIIGAAIATLATEFISLTLLNYLFKGGIVLKLHAYKIFYRG
ERS799796_01571	MMKSVTAIATLSLISRSLSELNFGEYVTLVSLGGVFLALTNIGAESLIPKIISKKDSGSEFYLLKLTATFLFCMIFLIICFTYYRNISWQYILIFSISFFCYFYSYSEYVANQKRLISLFSKISISIQSISLLLKGLYVYYGGDNIVFWLCIFSVEYLLTGLISYLLLKEPVTFKGIDKSKLQLMMKDVSFILLSSATIAAYMRIDTLMISYYLGSDAAGKYFAGSRLSEGVYFIGISVANIFYSQTLRDNIAEKKTVSRDIKKYILFLFVLGVAGTSFINLFSNMAINFLYGKEFSVSAKILSIHSISIAFVFIGGYLSRLYIGCGYAKKNFRRTFFSLIINVALVYYMIPHFGISGAAYAMVISQIFSSFIMFIIDKEFMSRLAKGKI
ERS799797_01746	MISRHKIRNAALWSAFEALSSAGLSVISIIFLARILKPEDYGQIAAAQIIAALLVLIFSLGLSEAVIQKKNLSINHQLTVLWGSCASAVIVLCICLSISFYLYFIGGSKIVGLVLVFEGVGAALQLLVILPTGLLLKNLDVSVLTKRNLISRIVFFVIAIPMALYGYGLWSIVFANLFQYFTAFILIFYQSRKIIPRGYYFSFKDFFELCRFGLFVMLENLLWTVLTRVFSLLILNFHGTTQLGIYNISTRLTDAVLNILNTVIGRMALPVFSSVQDDRQKLSSFFFNATKLFNIVSMPAFVGLAFTCQYWVPIVLGTQWIEAVPIIQIIAIMNAIMFSRIFVSQLMKAVGESRRFLFLSFTSAFVAILAALVTAKLSLYETMLAWSSMRVLITIPLGIYLVYKIIHIKAFEQLRPIFLPFVVTVIMIFTMVIFRFFSEKSLLSNVVSITLEIGVGLITYSFIIVILIKTKKIILR
ERS799798_01596	MLKIKGKSLGSILKSRNEAFYNSLWLLSERVITILFTFTVGIFLARYLGPNDFGVYNYLISIITLLSPLTALGLNAVVVRDLVDAQREDHDDTNVILGTSCVLRFFGGLFACASLLFVDIYFNISQNNTLWLVLLASANIFSCFQVVDFWLQSKVNSKYSAILRLSIFITSSLVKLISIIFFSCGLKTILIIQTFEVLASGILYVPLYKYLKGKIFNWSYNKNKAKTLMSKSWWLILSGVAEVLYLKIDQIMLGMINGYSTVATYAVAARLSEAWYFFPTIITASFFPLLILAKKESEEKYKHTLLDLSRKLFFCALIISIFITIIAHTAINILYGEAYAESATILIIHIWASLFVFMRAVLSKWLVIENMLPFSLVTHISGAIVNIILNLILIPKMGGIGSAIATVISYSISSYFSLFIFKRTRVMGWIMTKAIFTCFLIFRGKNETIHK
ERS812516_03392	MQNNSILSRLLKDSTWSMISTFANKISFVIVGIIVARILGAEKFAIFAIIQSVVVMLANVFSQSITTATSKHIAEYIEFDKNKVGAGIVATLIFSMLFASTIFLCANFFPNEFSIYLLFHEDYLIFVSSTAGIIVLTLGLGWVQGVFSGFRNFKLNAAINLLYAGISVPFAYVLTSKYGISGAFYSVIISQSVTLIISTLFIFFILKKNHVRFIIKSSWRERGVITHVGLPVFLTGIIVAPITWYSNKLLSVLSDGLNQLAVFAASMQWSSIFTQVSVVLGAVLIPMLAANKDKNNELLDRINFYSSWLFTIICTVPLIIFVDLFVRIYGKFNLTSDFKVSVIFVLFSAILTSFKGGVARKIIILNLSWFSVLSNLGWAFIFVALTWKTKKYGAVGITGALFFSQFIHFIITIPYFLKRKIIDISMIFNIHVLTLIFVPMISIYVSFRIDSLILKAIACVVIMVFSVFKSIDLIKIRK
HAV1_13_03222	MKKSNELDNLQPDKKNLYSGVAWYFFSNLFPAFSSLLIFSLASRIITPGDLGAVTLAATITTILTSICAVGFGDALIQLKNVDKKHFNTVFFICLVSSLSIYFISSLIVEYYVIPTFNIVFKTVYPVIALKIIIDSCAIVPLSFLTRTMAFKSIAIRTMYCSIASIILCLPVLYFGGGVWAIVLSQLSTSVISYIILATSSKLKLRPIFNKSSFTELSRFGITTTFTKLVTSISIDNVIIGVYGSVTTLGIYAFSRRVFGSIADVLNNAIANVSYPLYASVQTKPSQLKNVFFKTTFFSTLLSLPAFTGLIIISPHLIPLVFGAQWLVAIPVIQVCCVIGFISCIGSLQMSLIKGLGNTAWILKYQIFQQITTALLVFLFAKDGALVLIVSIAIKTFIIWPYTVYYISRILGVTTFSYISNFIKPLTSVVLMYLGCYVIDRQLSAANELLNVLVLILSGVVIYCFFIFILARKEISESLTAIKTRKKQKVENYE
HAV1_14_01310	MAEKIISIFGLIFVTSFVAKYVGPSIYGDIALSLSIFQLIQIVSLMGSDVIIFKRISKNINSGVSLIKATGRIRLLIYLILSAPVLIYFFSSSGYIYILASFLSCMFLSLDVYAIYYDACLRSKVNTIINIFGLIFSLGIRWAIAFFKYPAEWLFVPIVLTSFVPFLCRFIFFQLYEGAVKLTKKKKGLYTKHLLSSGSAFVLTSISVALYTRMSIFLLGYLQGKDVVGIFSIAATLATSWSFILYAFITSSLPSIFSEKDKLLAEKKTANLNVLIIMMSFGVIFLAIILAKKFILYFYGVEYTDAFYPLVILCFSTMLSALGAIAARYIAYFSGYSFLSKKNLVVTMLSVILNYLFIYKWGMLGAAVSTLLVELFSLTILNYFFARGVVYKLHKRTVVYGIKFKFK
HCV1_10_03029	MDILSNTKWVAFSQIFKIAVQLLNIVVLARLIPPHDYGIMAMALVVTNFATLVRDLGTSAAIIQKENIENKTINAIFWLNILMGCSVAIVIIMLSPFIAYIFHTKQLLFVLLLLAVSFPLSSSSSAHLALLERNSFFKSIAYIEMTSSGIAVFFAIITAYLGWGVYSLVVQTLLMSSISTVQLWLKSGWRPEKTLRIDWKEIRGLLGFSGNLTLFNFINYFSRNTDTFVIGRYMSASVLGAYSLSYRLMLFPIQNLTFVVNRALFPVISRFQDDNIKLKESYLNTVYYILLLVLPLMTGLIVLNEPFIRLVFGPQWDITAKVLIWLAPTGIIQAVLSTSGTVFMAKARTDILMKLGIVGALLQISAFCIGVHFSIITFAMFYFIANVLNFFPVMLCVMHCLNSSLVDLFKKITPLIICAGVLYGVLIFILNNVPYYRYIDDFIKLISISFIGGFVYLGLILGLNPKIIYFFMKKLSRTT
HCV1_19_04228	MSKNKTLSGGVAWFFISNLFPAISALLIFSLASRLISPSELGTVALATTIATVLTSLCAVGFGDALIQCKEITKRHLNTVFTVCICVSLFVYVISVTLIETINLDAFTHLFRVVYPLTAFKIILDSCAIVPLSYLTRTMEFKSIALRTMYCSLASFILCIPILYYGGGVWAIVVSQLTTSAVSFLILIKAANLKLRVAFHRKEFNELKKFGLTSTITKLITSISVDNLMIGFYGNAITLGLYAFSRRIFGVISDVLNNAIANVSYPLYASKQDNLNELKIIFLKTTFLSALISLPAFCGLILISPYLIPMVFGNQWEPAISVVQVCSAIGFISCIGALQMSLIKGLGHTSWILKYQIAQQVSTAILVLIFAKDGAYIVMLAIAIKTFSIWPFSMRYVSKILGVGIVDYMRNFVKPILAVSAMITVCVIIECITKDYGSLVILLSVILGGVISYILSAFLLARKETFDFIKAIKKR
HCV1_21_00061	MIVILLVPLYTFYLTTQDYGLVDLVASSQALLMPFITITAEQALLRYIIGEKDKDIINSVFSTALFISIVMLVFFLFFCVLFYYFHVWSGKIIVYFYLLVFMAALQILFSTYLRAIGKSKNFALSGVIQVLSILFFNLIFLVYMKLGVDGYLISLICSYFVSNLYCFAYSRCLSIRFSEITRVSAKKIIAFSLPLIPNYSMWWVVNNSTRYVVLSYLGLSANGLFAVASKIPTCINVFVTVFQQAWQISAFEEFDSHDRSKYYSTVFRAYYQFLFIIASFLLVLNKIIFENFVSHEFMMAWKMVPLLILGVLYQTFSSFLGTIYTANYKTKDVFLTSFVGAGISIGANFIFIPMYGEVYAGLGASLGFFIMWLLRLIGTRKIVYTKIYYLEFILLNGMFLVQTFLLFLLNDISGEGQFFVQFLCFLMTMFLSKNFLSVLFLFFKNKILSKYINV
HCV1_24_03549	MIGTLYIVRIFYSLVVFVVLFYILPLFYHNDFLHECIKYSFILCVFGAANISGLADFLGKNKIIGPFASLPWLFVSIYIIWEYYIGNITNNQYSSVAIVISYTTGFVISLLVQYSVCWHFFEKTKIKLFSYKKLIFNEVGGFFFSYFLSQSYARLLPILVDMYLGKATAGLFAIAKTFLNIFSQLLMFLRRVENEKIIKVTESSNSSCSDIKPQNIELLLLKMSWRTSKFILATSFVSIGALYCIALLMPVVSQKIVLIWWFISISLSTLVIWNYSSILGQSLIISGKTTEYALILFVSLLVNIAINIFLFSSFGLWSIIIAELIMYIIQILIFIFKIRYQRRDKKYVL
HCV1_26_02200	MKNIKNFLHVLLLQGGNYLFPLVTIPIASRVFGPDLIGTFNYYTYIVSFYCMIVEFGFGYSGVRLLTRNPENKSKIFNEILTAKFLILFLVSLFALFYSYKFISQSDFILFGTCYLLVLSSLCNVNWFFQATGDFSLITKVSLFTKFISILLIVFFVKNKDDLLLYSLIVNIPMVLSSLFSLWYCRIKYKIRLNLPNLKDTLILIKSEMWIFLSKISSFLYTTMGVVFLGFLATSYDVGIYTSAQKIVMLFISAIITPLSFIVFPALSKRFGVSVEHGLNSFRKFMPLLCMCCFGSFLFIFFFGGKVILIMMGAQFKDSINVLNVLSFGYVFVFWGAVIGGQIVLNLKYDKQFVQMQWFVAFLSFIFNVLFLKKYGAMGLAYIWTISEFIMTFMQCVFIKYKGIRIIDWEQFKIKNMITNFKDLLRH
HCV1_27_04187	MSNNKVMRNAGMLYVRMLVMLFVSLYTSRVVLNTLGVSDFGIYNVVGGIVLMFAFISNTMAGASQRFFSYEIGRNNFKRLKQLFSVTVTIYVFFCILITLLAETVGLWFIRSKMNIPIERVDAALFVYHASIISFIFTIIRIPYNSLIIAHEKMSFFATTSIIEAFLKLGGVFLLSLVEWDKLKLYSVIMLLVVFIITIVYYLYCRNNFKECKFILVRDKGIYAELSSYAGWNSFTTLANIGLDQGINVLLNIFFGPVVNAARGIAFQIKTQVTAFVGNIQMASAPQIIKYHAGNRKNELEKLVFLSSRVTYYFMFFIALPVLLQTEMLLKLWLIKVPPHAVVFTQLVIVNILIETISGTVTSAIQATGRIKAYQISVGVVLLLAVPISYLLLKQGFEPEITVIVTSFLSVICVLIRLIMFQVLLGVKVTSYLKKVLFNSIIISILSSILPLIIRFYCKDFGLAEIAIFLITCTSSVISTIATVYFFGLNSEEKKYFMNLINKKRA
HCV1_33_03017	MKKNSIINAAWMMSEKIVTLFGLFFVTSFVAKYIGPFRFGQLALAIAIFQVIQVIAQLGCDNIIFKRVSEKVLSGLKLIYSTFLIRGGIYFILSFFVLLFFYNKSDVINYVFLISVCLACFFTSMDVFTIYNDATLNSKFNTLANVIGLLIGLILRYVIAFFEWPIYFLAIPIVLTTLIPFLIRLVYTPKVYVVKGKNKWRYNKYLFTTGIPLVISTVSMTLYSRINQFTLSYFDGSYELGIYSVALTLGTAWVFIGNALAISFLSKIYSEKDDLKAQDKTSGLLSFVFIILSVFPLFFYFFGKKVILLLYGEQYVNSYGIIIILCISTVITAMGFISNRYIVRLSGYKYLSKKTLLVLGLSIPISTTMVYFFGVYGAAYSVLIVEFLSLTIMNYFFNHGVILKVHRGAFNLKKIASLR
HCV1_35_04061	MANQEVSSRKVFTGFIWFIISKLFPALSGLIIFFVTSRAITAEDLGLITLSVSIITFIIYLSYNGFCDAIIQIKELKQKHINTVFFLNTISSSILFTISAVVIFMLTYFGVFPKRLNYIYTILGLKCLLDTFSLLPVALLARQMEFKAIGIRTLYSSIISALVALPVFYYFGSISALIVNYLTSSILGFIIAWISSPYPLIIKFDRESYKDLRHIGVTTTAAKLISSVSFDNIFIGFFGSGVTLGLYSFSKRVFGIFTDILSGGISSVTYPLYASLQDDKNKLKESFLKATFLSALVGIPAYTGLILLSPSLIPLFFGSQWNEAVPVLQISCLLGFITCIGSLQTSLIKGVGKSMWILKYQCAQQILTILIAILFSPQGPTVVMAMITIKTFLVWPFTIFYITKLLSISVFSYLRNLFKPFVSGAVLVCVFYLLKVLLGSINPYLFVVLEIFICAVFYILSILILARREIIIMLSGLKK
HCV1_36_02266	MSLKLKTIKSTKWSALSSFTIIVLGFLQMVILSRILEPFEFGVLSIMTVVFLFTDMLADCGLSNAIIQKKNITLDELSALYWVNIFLGIFLFVVTIILSYEISSWMRLDRLSFLIQLTALVFIIMPHGQQYRALMQKELEFDILSKIESFSYLTGFCLTVIIGIITKNASCAVFGYLLTVSMRTVILSFVGRKYYHPTWKRSKLREIKKQLLFSFYLTLDSILNYINSSITTPIVARVLGAIYVGGYNLSFNVAVNPPSKISPIITRVLFPALSKIQDDKERLRINFFKLLHVISYINFPALLGLCIIAKDFVYLVFGEKWLFIVPTLQLLCIAGAMRMVANPIGSLLMAKAKMELSVRFNFVKIIIFIPVLYFSTIWNGMVGAAIGFLICQAINALLSYFFLLKPVLGNCIVDYINSFFIPFVHTLPMILLLLVCDNYIDKISLTFFILKIVIGGGVYILTIFISPNKLLAEMKGLFRQLLLKR
HCV1_42_05335	MIKKMFLPLFTGGLLGKFAGVFRELLMAWCFGTGPETSSFRITQTVLLSPINLFSSDIISGGLIPKYRALVDNDNVSAKSLFGAVLVINITLALVLTLFFLFFSTDITHFFLSEGENYFDVLHSFIYGAAFSVIPYVYSNICSSILVVHKELSPFSHRASIQAVFLSIGILLSFYLKDYNYFVYAFPLSYIFMSIWITFILVKINAIPKFDNVLITILNFFNSVKFLLLVPALYQIYWLVEKHIGSQISLTMISTYEYAKFYTETFISLISVPLGYAILASSHDETIKARKTILYYNFFVLFVSYVLFFLGWFFIKLVYQHGSFTSTDTSHVYEQLKILSLSLFFQANFYLNLKILSVKGRYSIIFLSVFLSVSSGMLSLFFLRDMLGVYIVAVSFFILNFVGSMTLMMIERNFERHMLFVFLGVCFLALYYFKGFH
HGUA4_08_00096	MKNIKNFLHVLLLQGGNYLFPLVTIPIASRVFGPDLIGTFNYYTYIVSFYCMIVEFGFGYSGVRLLTRNPENKSKIFNEILTAKFLILFLVSLFALFYSYKFISQSDFILFGTCYLLVLSSLCNVNWFFQATGDFSLITKVSLFTKFISILLIVFFVKNKDDLLLYSLIVNIPMVLSSLFSLWYCRIKYKIRLNLPNLKDTLILIKSEMWIFLSKISSFLYTTMGVVFLGFLATSYDVGIYTSAQKIVMLFISAIITPLSFIVFPALSKRFGVSVEHGLNSFRKFMPLLCMCCFGSFLFIFFFGGKVILIMMGAQFKDSINVLNVLSFGYVFVFWGAVIGGQIVLNLKYDKQFVQMQWFVAFLSFIFNVLFLKKYGAMGLAYIWTISEFIMTFMQCVFIKYKGIRIIDWEQFKIKNMITNFKDLLRH
HGUA4_09_03109	MKSIINKSGREENRLRKAILGSVWYFISSLVPALGTFLIFSLASRQITPHDLGMVTLALTISITLTGLCAIGFGDALIQYQKLKEEHLNTVFCLLFFTSTLLYFISVVVVYLLDISTFDSFFKTIYPIIGLKIIFDSCAILPLSILTKHMNFKMIGIRTIYCAIGSICVSLPILYFGGGAWAMVVSQLLSSLISFFILWFSSRVKPRVKFDKYAYADLRSFGFTTTLSRLVTSVSVDNILIGFLGNATTLGIYSFSRRIFSIVSDVLSGALSNVSYPLYSSMQEKLDELKVVYMKTTFLSATIGIPSFLGLILLSPYLIPLIFGEHWVVAVVTVQYCCSIGFISCIGSLQLSLMKGLGQTSWILKYQLFQQLTTAAVAIIFAKSGAESVTMAIAIKTYLIWPYAVFHVSNTLNLNPFRYLFSFVKPIVSAIAMFVFFEILSRFFTPTDHEAVFIITQIVMCAIVYIIAMLLISRKELIELKVLLKK
HGUA4_15_03683	MSNNKVMRNAGMLYVRMLVMLFVSLYTSRVVLNTLGVSDFGIYNVVGGIVLMFAFISNTMAGASQRFFSYEIGRNNFKRLKQLFSVTVTIYVFFCILITLLAETVGLWFIRSKMNIPIERVDAALFVYHASIISFIFTIIRIPYNSLIIAHEKMSFFATTSIIEAFLKLGGVFLLSLVEWDKLKLYSVIMLLVVFIITIVYYLYCRNNFKECKFILVRDKGIYAELSSYAGWNSFTTLANIGLDQGINVLLNIFFGPVVNAARGIAFQIKTQVTAFVGNIQMASAPQIIKYHAGNRKNELEKLVFLSSRVTYYFMFFIALPVLLQTEMLLKLWLIKVPPHAVVFTQLVIVNILIETISGTVTSAIQATGRIKAYQISVGVVLLLAVPISYLLLKQGFEPEITVIVTSFLSVICVLIRLIMFQVLLGVKVTSYLKKVLFNSIIISILSSILPLIIRFYCKDFGLAEIAIFLITCTSSVISTIATVYFFGLNSEEKKYFMNLINKKRA
HGUA4_51_02694	MNLINSAKWVAFSQFFKVIVQLVNIVYLARLIPPSEYGIMAMALVVINFGLLIRDLGTAAAIIQRKEIDDGIINSIFWLNLFMGLFIAVAIIFASPLIASFFHTPKLIYVLLLISLIFPISSSSAAHLALLERASKFRVISLIEIFSALIGLISALILAYQGYGVYSLVIQTIVLNVISTILFWKISKWRPQLSMMFKFSGLKQIVGFSVNLSLFNFVNYFSRNTDSFIIGRFMPSSVLGAYSLAYRVMLFPLQSLTFVVSRSLLPILSHHQNDNAIIRKTYSNCVFSILYLVVPLMSGLAYLSSPFVSVIFGNQWTLTAEILKWLAPTAIIQAVLSSTGTVFIAKGRTDLLLKLGILGTFLYVLSFLIGVNFDIITFSKLYFIANVLNFFPAMILMMRLIEGSLFTLLNKCFVIFFINFGMLAFLYFIDGLDFINAINEQVVYLILMISLGGGFYVLSSVLLIGKLRRFLLARFVN
HGV2C_01_01820	MANQEVSSRKVFTGFIWFIISKLFPALSGLIIFFVTSRAITAEDLGLITLSVSIITFIIYLSYNGFCDAIIQIKELKQKHINTVFFLNTISSSILFTISAVVIFMLTYFGVFPKRLNYIYTILGLKCLLDTFSLLPVALLARQMEFKAIGIRTLYSSIISALVALPVFYYFGSISALIVNYLTSSILGFIIAWISSPYPLIIKFDRESYKDLRHIGVTTTAAKLISSVSFDNIFIGFFGSGVTLGLYSFSKRVFGIFTDILSGGISSVTYPLYASLQDDKNKLKESFLKATFLSALVGIPAYTGLILLSPSLIPLFFGSQWNEAVPVLQISCLLGFITCIGSLQTSLIKGVGKSMWILKYQCAQQILTILIAILFSPQGPTVVMAMITIKTFLVWPFTIFYITKLLSISVFSYLRNLFKPFVSGAVLVCVFYLLKVLLGSINPYLFVVLEIFICAVFYILSILILARREIIIMLSGLKK
HGV2C_02_01807	MSLKLKTIKSTKWSALSSLTIIVLGFLQMVILSRILEPFEFGVLSIMTVVFLFTDMLADCGLSNAIIQKKNITLDELSALYWVNIFLGVFLFVVTIILSYEISSWMRLDRLSFLIQLTALVFIIMPHGQQYRALMQKELEFDILSKIESFSYLTGFCLTVIIGIITKNASCAVLGYLLTVSMRTVILSFVGRKYYHPTWKRSKLREIKKQLLFSFYLTLDSILNYINSSITTPIVARVLGAIYVGGYNLSFNVAVNPPSKISPIITRVLFPALSKIQDDKERLRINFFKLLHVISYINFPALLGLCIIAKDFVYLVFGEKWLFIVPTLQLLCIAGAMRMVANPIGSLLMAKAKMELSVRFNFVKIIIFIPVLYFSTIWNGMVGAAIGFLICQAINALLSYFFLLKPVLGNCIVDYINSFFIPFVHTLPMILLLLVCDIYIDKISLTFFILKIVIGGGVYILTIFISPNKLLAEMKGLFRQLLLKR
HGV2C_03_04496	MKANVGRETIYLYLVQISNIILPLVLVPYLAHVLGVEFFGKLSYAQAISYIAIFFVDFGFNFSAARNIGIDTNNNKNISRIYSNVQVIKSLIFTAVVLLGIAFVLLSNQSIIDKKLTILGVLSASSSILMPAWLFQGLGRNSNVAFLNFASRLLSLLLIVLFVKNQEDLIIAAICQLFSPVLAGVGMQMIMLKNKVVDFTFSHISFEDIKILSRDSFHNFSASFLTLGFTYFNPIIIKVFLGDSVLGVYSFADKLANVLRQLYIPLVQANFSRVCSLFHEQKYSTLKNMFIKIAYVFLGISLFAYISNYFLGEVVINLFFSEGEGVSTLLRVMIFTQFIIAISMILVNLIVIPAGQSYYLKKVYLFAVIFYFSIIYPMIKWGGVYGVAISISLVELLIVCLFFKFIKKKKILI
HGV2C_06_03774	MTLINNVKWVSFSQITKVSCQVVGLFVFSRFLSPSELGVMSLTLIVVNFINIIRDMGSSAAIIQRDCLTEGLKNSIFVLNSVLGIVLCILTILFSQKIAIFFHEPILAQTLKIISIAFVINSVTSTHLALLERDSKFNRVAFVEVISSLISLAIAIIFAANGFGVFSLVIQTLLYAIFTALGFWISSNWIPRLRFNVSDIKSIFRFSSNLVAFNFLNYFSRNSDQIIIGRFFSSATLGQYSLAYRLMLFPIQNITFVLTRSLYPILSRSQSDDKGSFNIYIQTLRVISIIIPPLMLGLAIVSHEFVLVFLGEKWFLVSTLLMWLAPVAIMQSMVSTTGSVFMARAKTNILLYISIYNAFLQIGAFIIGGFYDINTLVILYLIANVLMFFPNMYLAIRVLKGNYLIFLKVITKPIIFSLVMVSVIFIYSLLISNLSISVIVIFITKILVGAVVYITCLFIWERDIIFKLLKR
HGV2C_08_00014	MNKRILSMLLSQGFGLAINVIEKLLIVPLFIHSWGLAKFGEWILIRTIPNLLLTTDVGIASHAGNAISVAIIKKEYNAAAHVIKLSVFLIFLLLSIILVFGIGQFFFDLRSFLGIADSDVNLITYSVLFMSLHAGMILCSQILCSLGRATERYHIYNALAQFTRFLEIAFVCIVLITGGDIVEASIAYLLARLIVITIMISLLIKQLKFIKIEIFNAKVSLGQFFTFIKQSIPYAGIPFSQAVFLQGSSVIISSFYGPAVLAFVTVIRNTSRFMVMFSSLLGKSIWAELSRLWAEEKYKEFNRVFLKFNVVNFAILFMASVILVFGYDYFCQWFQLKDVATKQDYILYLVVSLHSLLIAISYYNSVSLLSTERHQKYAKIIMLNAILTTALFWLLSVLTDSLTWAYVLAFCITEMVIALWLLLISLNKNYLREREI
HGV2C_10_02858	MKNIKNFLHVLLLQGGNYLFPLVTIPIASRVFGPDLIGTFNYYTYIVSFYCMIVEFGFGYSGVRLLTRNPENKSKIFNEILTAKFLILFLVSLFALFYSYKFISQSDFILFGTCYLLVLSSLCNVNWFFQATGDFSLITKVSLFTKFISILLIVFFVKNKDDLLLYSLIVNIPMVLSSLFSLWYCRIKYKIRLNLPNLKDTLILIKSEMWIFLSKISSFLYTTMGVVFLGFLATSYDVGIYTSAQKIVMLFISAIITPLSFIVFPALSKRFGVSVEHGLNSFRKFMPLLCMCCFGSFLFIFFFGGKVILIMMGAQFKDSINVLNVLSFGYVFVFWGAVIGGQIVLNLKYDKQFVQMQWFVAFLSFIFNVLFLKKYGAMGLAYIWTISEFIMTFMQCVFIKYKGIRIIDWEQFKIKNMITNFKDLLRH
HGV2C_11_00399	MERKVFSNSIWMMAEKVISILGLIFITSYVAKYVGPHVFGQIAFATSLFQITQVISQLGSDVIIFKRISKNVTSGIRLIYATTVLRFLIYLLSSIPVLLFTYYKGGEDSLFYLVACFLACLFSALDVYSIYYDATLQSKKNTMINVIGLIVSLILRWGIAIFLLDPRFLCIPIICSSLIPYLIRKFYFRNKLKIKIKRRKHRVIYTKYLFKTGVTFVVSTISVAIYIRLSMLCLGYMEGASTVGIYSVAATLATSWGFICQSFIKSTLPSIFSEKNIESAIVKSSALSMWVICISLPIILGIFIFGEWFINSFYGENYKNAFIPMMILSFSTIVSALGTICARFIAKLSGYLFLSKKMLVVAIVSLIMNVAMIKFYGIIGASIATITTELVSLTILNYFFQNGIVARIHKKMLINNIFLLRNK
HGV2C_13_03914	MERKVFSNSIWMMAEKVISILGLIFITSYVAKYVGPHVFGQIAFATSLFQITQVISQLGSDVIIFKRISKNVTSGIRLIYATTVLRFLIYLLSSIPVLLFTYYKGGEDSLFYLVACFLACLFSALDVYSIYYDATLQSKKNTMINVIGLIVSLILRWGIAIFLLDPRFLCIPIICSSLIPYLIRKFYFRNKLKIKIKRRKHRVIYTKYLFKTGVTFVVSTISVAIYIRLSMLCLGYMEGASTVGIYSVAATLATSWGFICQSFIKSTLPSIFSEKNIESAIVKSSALSMWVICISLPIILGIFIFGEWFINSFYGENYKNAFIPMMILSFSTIVSALGTICARFIAKLSGYLFLSKKMLVVAIVSLIMNVAMIKFYGIIGASIATITTELVSLTILNYFFQNGIVARIHKKMLINNIFLLRNK
HGV2C_14_05229	MNKKIIINSFWMMSEKIISIIGLIFVTSFVAKYVGPKIFGDIAFATSLFQIVQIIAQFGSDVIIFKRVGGNKKSGVKLIISTVYLRMSAYLLITLPIMVYYWLFAHESGFIYIIGCMLSCFFMTMDVFSIYNDATLNSKINTFVNILALVICLALRWGVAYLNLDPKLLVIPIILTGFIPFFIRWGYFKYKISGDIKIPVRHKFRYAKYMLYVGSTFVISTISGAIYTRMSMLILGILASQSFVGIYSVAVSLSTCWTFVCNALITSSLPGLFSEKDEKLAINRFSKLSLLVFMVSLPFFAFIAFYGNYIINILYGYEYQDAYYPLVILSGAAVISMLGTVSARLIAKYSGYFFLSKKSLCVAITSCIINIPFIYNFGIIGAAVATLLTELLSMTIFNYPFKKRLVLRMHLSVFSLRRSTKTFL
HGV2C_16_03916	MNKSVFSNSLWMMSEKIISIFGLIFVTSYVAKYVGPNIYGQIAFATSLFQIVQIVSQMGSDVIIFKRLSKNNSSGIKLINETSFIRGVVYIFISIPIVFWSIESENNYSLYFIVACCLSCFFTSLDVYSVYYDARLESKKNVFVNVLGLIVSLFLRWGIAVFKLDPVFLSIPIIFTGMFPYFFRMYLFRKNLGIRASNKKNKFKYIRFLIASGSSFVISSISVAIYTRVSLLLLGFFCGSSLLGIYSVAVSLATSWIFVCNSFITSNLPSIFSSNNELETIKITAKLNILVILIGCVVISFAIIGGHYGISLLYGKDYVLAYTPFVILCAATLFSSLGTIASRFIAKYSGYSYLSKKAFCVLILSIMLNVIFINLWGIIGAAIATLATEFISLTLLNYLFKGGIVLKLHAYKIFYRG
HGV2C_17_00460	MNKSVFSNSLWMMSEKIISIFGLIFVTSYVAKYVGPNIYGQIAFATSLFQIVQIVSQMGSDVIIFKRLSKNNSSGIKLINETSFIRGVVYIFISIPIVFWSIESENNYSLYFIVACCLSCFFTSLDVYSVYYDARLESKKNVFVNVLGLIVSLFLRWGIAVFKLDPVFLSIPIIFTGMFPYFFRMYLFRKNLGIRASNKKNKFKYIRFLIASGSSFVISSISVAIYTRVSLLLLGFFCGSSLLGIYSVAVSLATSWIFVCNSFITSNLPSIFSSNNELETIKITAKLNILVILIGCVVISFAIIGGHYGISLLYGKDYVLAYTPFVILCAATLFSSLGTIASRFIAKYSGYSYLSKKAFCVLILSIMLNVIFINLWGIIGAAIATLATEFISLTLLNYLFKGGIVLKLHAYKIFYRG
HGV2C_18_01253	MKKDLKSITQVLSVGFSNVLLTFFQAILLTRLLTIEDRGHVQLFIVSTTIFSSFFISGAGNTIAYCVRDGKKKGYVAILATLSLFLLIGLVVKFLLSNQTYQLLFFITQVVMLCVMQLTIELLKIQGSLKYYKLFSFLSPFFFFVITTIVFMTHKLVSSDYAILMVILSNTLSSIMGVYFIYKVMNENNANDDIPRLVFIKYYIKQYAMQVFGIVTNNMDKYLIGNFTGISALGLYSTAAAFNTLPLKFYNVLSDYLFSGYVNKKNNEKIVLQVAIFGGVIGCLCAFAFSELLIKIAFGERYLSSHVYLPYIIINMVISGIAWVLTQKALISGSQVLIIIRQLIGLIAFAAIFFFLQPYGLWGAIIALMTGSIIRLIISILFFIKIKI
HGV2C_19_02065	MNREKVKLAVLWSSVEALSSVIINFGALIYLARILKPDDFGNLASAQIIASLLSLILGLGLTEAVIQRKELDTKVQEVVLGFCLLLSLIAIIISLAVILFFVYFLGNVIVGKILIFETCGVVFTLLSILPTALLMRELKMSAFTKRTLVSKLFFFITAIPLALSGYGFWSVVFGNLMQYFSAALLLFITVRKELPRRIRFDFKILKELLTFGVFVMVENVLWSVLSRVFSLLIATFHGTYALGIYNMSTRLTDAILNVLNTIVGRLVLPLFSRLQDDYEQLEKAFFKATQLFNLISMPAFIGLGLTCYDWIPVILGDEWIRIAPIIQIISVMNAIMFSRMFVGTTMKAIGQSKRFMYLSALSAFLSIMTVVITKDTSLITTMLSWTTIRIIITIPFGMYLMYKIIRITYLNQLKPIYLPFIATVIMVLLFEPLHNLFINYGFKGSVLLVLDVVCSGLVYLVSVFIFSKFRMFRGN
HGV2C_20_00443	MSNNKVMRNAGMLYVRMLVMLFVSLYTSRVVLNTLGVSDFGIYNVVGGIVLMFAFISNTMAGASQRFFSYEIGRNNFKRLKQLFSVTVTIYVFFCILITLLAETVGLWFIRSKMNIPIERVDAALFVYHASIISFIFTIIRIPYNSLIIAHEKMSFFATTSIIEAFLKLGGVFLLSLVEWDKLKLYSVIMLLVVFIITIVYYLYCRNNFKECKFILVRDKGIYAELSSYAGWNSFTTLANIGLDQGINVLLNIFFGPVVNAARGIAFQIKTQVTAFVGNIQMASAPQIIKYHAGNRKNELEKLVFLSSRVTYYFMFFIALPVLLQTEMLLKLWLIKVPPHAVVFTQLVIVNILIETISGTVTSAIQATGRIKAYQISVGVVLLLAVPISYLLLKQGFEPEITVIVTSFLSVICVLIRLIMFQVLLGVKVTSYLKKVLFNSIIISILSSILPLIIRFYCKDFGLAEIAIFLITCTSSVISTIATVYFFGLNSEEKKYFMNLINKKRA
HGV2C_21_04133	MKRQILQLLSGNFISKVLGFVRELLLSRFFGTGEINGAYRIAQTGTLVPINFLTSDSLNSAFIPLYKKYLLEDEEKARTFKWMMYVVFLFISLIVWIGIYFFSDFWVTILAPGVDARTKLITKDMLEVMALCTPFYLCSAIINYVSMAHNDFVPMSMRAIVQNLGMLLGVFAAFYLNNYKYLAWGFTGSYIFFCFWAFARKDSTTLFSRPTKFTKVNAKEVFGEFGSIMKPLLLLPFILQGNIALERSLSSLISIDAVSGLDYARFITDTINFFVAIPIAFAGLSNWASSDISKTKNNLLNINKLLIFFGCSCSFFIYISAEEIVSLLFKHGKFDNDSVVITANYLRGMAIGLWAQLIGYIFIKALNAHMQNKKVLMAVSLSVLVNIAGNLLLYKNFGAYGIGIGASLNGLLLYFICSTYLGIINKVIKPLIIMVFILTLYSIIYITFNVESYFYSNHVIYTLTLNFISFYLFVIVLGFFFKEFRMVYSIIKVIQCKISGGKER
HGV2C_23_03174	MSLFNNAKWVAISQVVKVLVQLINIVYLARLIPPGEYGIMAMALVIINFGMLIRDLGTAAAIIQRKKIDDDIINSIFWLNLFMGIGIALSVIAFSPLVSSFFHEPKLILVLLCISIIFPLSSSSSAHLALLERESKFKKIASIEIFSSVIGVGVALFLAYKNFGVYSLVWQTVIFNALSTIQFWKASGWRPCLKKMFVFSGLKEIFGFSAHLSIFNLINYFSRNADSLIIGRYMAPPILGAYSLAYRIMLFPLASLTFVAARSLFPILSKNQDDHVQLKKTYLDCVYAILFLVIPLMSGLAFLSKPFVILIFGKQWMLTADILLWLAPTAIIQSVLSTTGTVFMAKGRTDILMKLGILGMILYMSAFIAGVQFNIITFAKFYFIANVINFLPAMFLLMKIINGTLLEFFKRILPIVCVGFLMIVVMSVTNRPLKLFLNEDSFVYLIAMSIVGAFTYVLISLFFLKDVKEFVLNKLPFTG
HGV2C_28_04480	MKSIINKSGREENRLRKAILGSVWYFISSLVPALGTFLIFSLASRQITPHDLGMVTLALTISITLTGLCAIGFGDALIQYQKLKEEHLNTVFCLLFSTSTLLYFISVVVVYLLDISTFDSFFKTIYPIIGLKIIFDSCAILPLSILTKHMNFKMIGIRTIYCAIGSICVSLPILYFGGGAWAMVVSQLLSSLISFFILWFSSRVKPRVKFDKYAYADLRSFGFTTTLSRLVTSVSVDNILIGFLGNATTLGIYSFSRRIFSIVSDVLSGALSNVSYPLYSSMQEKLDELKVVYMKTTFLSATIGIPSFLGLILLSPYLIPLIFGEHWVVAVVTVQYCCSIGFISCIGSLQLSLMKGLGQTSWILKYQLFQQLTTAAVAIIFAKSGAESVTMAIAIKTYLIWPYAVFHVSNTLNLNPFRYLFSFVKPIVSAIAMFVFFEILSRFFTPTDHEAVFIITQIVMCAIVYIIAMLLISRKELIELKVLLKK
HGV2C_33_03912	MSNNKVMRNAGMLYVRMLVMLFVSLYTSRVVLNTLGVSDFGIYNVVGGIVLMFAFISNTMAGASQRFFSYEIGRNNFKRLKQLFSVTVTIYVFFCILITLLAETVGLWFIRSKMNIPIERVDAALFVYHASIISFIFTIIRIPYNSLIIAHEKMSFFATTSIIEAFLKLGGVFLLSLVEWDKLKLYSVIMLLVVFIITIVYYLYCRNNFKECKFILVRDKGIYAELSSYAGWNSFTTLANIGLDQGINVLLNIFFGPVVNAARGIAFQIKTQVTAFVGNIQMASAPQIIKYHAGNRKNELEKLVFLSSRVTYYFMFFIALPVLLQTEMLLKLWLIKVPPHAVVFTQLVIVNILIETISGTVTSAIQATGRIKAYQISVGVVLLLAVPISYLLLKQGFEPEITVIVTSFLSVICVLIRLIMFQVLLGVKVTSYLKKVLFNSIIISILSSILPLIIRFYCKDFGLAEIAIFLITCTSSVISTIATVYFFGLNSEEKKYFMNLINKKRA
HGV2C_34_02259	MMKSVTAIATLSLISRSLSELNFGEYVTLVSLGGVFLALTNIGAESLIPKIISKKDSGSEFYLLKLTATFLFCMIFLIICFTYYRNISWQYILIFSISFFCYFYSYSEYVANQKRLISLFSKISISIQSISLLLKGLYVYYGGDNIVFWLCIFSVEYLLTGLISYLLLKEPVTFKGIDKSKLQLMMKDVSFILLSSATIAAYMRIDTLMISYYLGSDAAGKYFAGSRLSEGVYFIGISVANIFYSQTLRDNIAEKKTVSRDIKKYILFLFVLGVAGTSFINLFSNMAINFLYGKEFSVSAKILSIHSISIAFVFIGGYLSRLYIGCGYAKKNFRRTFFSLIINVALVYYMIPHFGISGAAYAMVISQIFSSFIMFIIDKEFMSRLAKGKI
HGV2C_36_00671	MNKRILSMLLSQGFGLAINVIEKLLIVPLFIHSWGLAKFGEWILIRTIPNLLLTTDVGIASHAGNAISVAIIKKEYNAAAHVIKLSVFLIFLLLSIILVFGIGQFFFDLRSFLGIADSDVNLITYSVLFMSLHAGMILCSQILCSLGRATERYHIYNALAQFTRFLEIAFVCIVLITGGDIVEASIAYLLARLIVITIMISLLIKQLKFIKIEIFNAKVSLGQFFTFIKQSIPYAGIPFSQAVFLQGSSVIISSFYGPAVLAFVTVIRNTSRFMVMFSSLLGKSIWAELSRLWAEEKYKEFNRVFLKFNVVNFAILFMASVILVFGYDYFCQWFQLKDVATKQDYILYLVVSLHSLLIAISYYNSVSLLSTERHQKYAKIIMLNAILTTALFWLLSVLTDSLTWAYVLAFCITEMVIALWLLLISLNKNYLREREI
HGV2C_37_03580	MKKNSIINAAWMMSEKIVTLFGLFFVTSFVAKYIGPFRFGQLALAIAIFQVIQVIAQLGCDNIIFKRVSEKVLSGLKLIYSTFLIRGGIYFILSFFVLLFFYNKSDVINYVFLISVCLACFFTSMDVFTIYNDATLNSKFNTLANVIGLLIGLILRYVIAFFEWPIYFLAIPIVLTTLIPFLIRLVYTPKVYVVKGKNKWRYNKYLFTTGIPLVISTVSMTLYSRINQFTLSYFDGSYELGIYSVALTLGTAWVFIGNALAISFLSKIYSEKDDLKAQDKTSGLLSFVFIILSVFPLFFYFFGKKVILLLYGEQYVNSYGIIIILCISTVITAMGFISNRYIVRLSGYKYLSKKTLLVLGLSIPISTTMVYFFGVYGAAYSVLIVEFLSLTIMNYFFNHGVILKVHRGAFNLKKIASLR
HGV2C_39_01341	MNKKALSNSIWMMSEKIISIFGLIFVTSYVAKYVGPSIYGEIMYATTIFQIAQVASQLGSDVVIFKRISKNHISGIKLINATLPIRVIIYLIIAVPTLLMMDLNNFGRGFYFSIACFIAGFFSSLDIFSTYFNALLKAKINTYVNIVSISIALLVRWLISFFKLDPVLLSFPIVLSSFLPFIFRCYIYRHNFNIRSSLSSHKKKYTVYLLKVGSTFVVATIAVSIYLRLSFISINYFYGKEMLGVFSVANNLGTAWIFICTSFINSYMPAIFKETNDTEVITKVVKLKYIIVFISLLIISFVAIIGHWFIDVFYGKHFIDAYIPMLIICFATMISSLSTITSRYIARYSGYLYLSKKSFALLFISAILNFCLVKYNGVNGAAIAIVITEIISLTISNYFFNKGMVLKLHKSIFMMPFLILFKTKGK
HGV2_297_00480	MSKNKTLSGGVAWFFISNLFPAISALLIFSLASRLISPSELGTVALATTIATVLTSLCAVGFGDALIQCKEITKRHLNTVFTVCICVSLFVYVISVTLIETINLDAFTHLFRVVYPLTAFKIILDSCAIVPLSYLTRTMEFKSIALRTMYCSLASFILCIPILYYGGGVWAIVVSQLTTSAVSFLILIKAANLKLRVAFHRKEFNELKKFGLTSTITKLITSISVDNLMIGFYGNAITLGLYAFSRRIFGVISDVLNNAIANVSYPLYASKQDNLNELKIIFLKTTFLSALISLPAFCGLILISPYLIPMVFGNQWEPAISVVQVCSAIGFISCIGALQMSLIKGLGHTSWILKYQIAQQVSTAILVLIFAKDGAYIVMLAIAIKTFSIWPFSMRYVSKILGVGIVDYMRNFVKPILAVSAMITVCVIIECITKDYGSLVILLSVILGGVISYILSAFLLARKETFDFIKAIKKR
HGV2_332_03544	MSLKQKTIRSAKWSAISTIVVVLFGFLQITLLSRIIPPYQFGILTIIIAITLLAETLSDFGISNSIIQQKDIDDLQLSTLYWINVLFGIFVFISFYFAATRIAVWLGIVELKPLIQIIASAFLVIPHGQQYRALLQKELKFDIVGKVESLSYLLGFIVSIILAFYLKNAMCAVIGYLFNVISRTFLLILKGNCYPRPKLTLHFFSVKDNLRFGAYLTADSIVNYINSNMSTALITKLLGATATGGYNIAYNVAVNPPSKINPILTRVLFPAFSQIQNDLQKLRINFFKLLSIVGFLNFPALVGLCLVASDFVYVLFGQNWMFIVSAMQLLSLAGLLRAIGNPIGSLLMAKARVDLSFKFNVVKIFMFAPALYFGAKYAGVTGVAVGFLSVQTLNTILTYFVLIRPVLGKCYLEYISSILSPFLHVVPMIMVISFLNELLILDNKLLSLFIKILVGVLVYGITILVSKNTLLAEVKSAFLKRSK
HGV2_341_03585	MSLKQKTIRSAKWSAISTIVVVLFGFLQITLLSRIIPPYQFGILTIIIAITLLAETLSDFGISNSIIQQKDIDDLQLSTLYWINVLFGIFVFISFYFAATRIAVWLGIVELKPLIQIIASAFLVIPHGQQYRALLQKELKFDIVGKVESLSYLLGFIVSIILAFYLKNAMCAVIGYLFNVISRTFLLILKGNCYPRPKLTLHFFSVKDNLRFGAYLTADSIVNYINSNMSTALITKLLGATATGGYNIAYNVAVNPPSKINPILTRVLFPAFSQIQNDLQKLRINFFKLLSIVGFLNFPALVGLCLVASDFVYVLFGQNWMFIVSAMQLLSLAGLLRAIGNPIGSLLMAKARVDLSFKFNVVKIFMFAPALYFGAKYAGVTGVAVGFLSVQTLNTILTYFVLIRPVLGKCYLEYISSILSPFLHVVPMIMVISFLNELLILDNKLLSLFIKILVGVLVYGITILVSKNTLLAEVKSAFLKRSK
HGV2_370_04504	MSLKQKTIRSAKWSAISTIVVVLFGFLQITLLSRIIPPYQFGILTIIIAITLLAETLSDFGISNSIIQQKDIDDLQLSTLYWINVLFGIFVFISFYFAATRIAVWLGIVELKPLIQIIASAFLVIPHGQQYRALLQKELKFDIVGKVESLSYLLGFIVSIILAFYLKNAMCAVIGYLFNVISRTFLLILKGNCYPRPKLTLHFFSVKDNLRFGAYLTADSIVNYINSNMSTALITKLLGATATGGYNIAYNVAVNPPSKINPILTRVLFPAFSQIQNDLQKLRINFFKLLSIVGFLNFPALVGLCLVASDFVYVLFGQNWMFIVSAMQLLSLAGLLRAIGNPIGSLLMAKARVDLSFKFNVVKIFMFAPALYFGAKYAGVTGVAVGFLSVQTLNTILTYFVLIRPVLGKCYLEYISSILSPFLHVVPMIMVISFLNELLILDNKLLSLFIKILVGVLVYGITILVSKNTLLAEVKSAFLKRSK
HGV2_371_00353	MMKSVTAIATLSLISRSLSELNFGEYVTLVSLGGVFLALTNIGAESLIPKIISKKDSGSEFYLLKLTATFLFCMIFLIICFTYYRNISWQYILIFSISFFCYFYSYSEYVANQKRLISLFSKISISIQSISLLLKGLYVYYGGDNIVFWLCIFSVEYLLTGLISYLLLKEPVTFKGIDKSKLQLMMKDVSFILLSSATIAAYMRIDTLMISYYLGSDAAGKYFAGSRLSEGVYFIGISVANIFYSQTLRDNIAEKKTVSRDIKKYILFLFVLGVAGTSFINLFSNMAINFLYGKEFSVSAKILSIHSISIAFVFIGGYLSRLYIGCGYAKKNFRRTFFSLIINVALVYYMIPHFGISGAAYAMVISQIFSSFIMFIIDKEFMSRLAKGKI
HGV2_379_02527	MSYNPKKETIYLYLVQISNMVVPLLVIPYLTSVFGVEYYGKLSYAQVVSLIALFFVDFGFNYSAAKEIGSNRESAAAVNKIYTNVQCIKTAIYFLVISVVFSLTLFLKQSEIDNDLLLIGALSAISSIVSPVWLFQGIGKLSLVAIPNLIVRLLSLVFIFTFVHDRSDIIMAAIIQLCSPFFAGLFVIVIVWRNNIAKFDRTLFSYSFSKTLVSESFHNFSASFLTLGFTYFNPLLIKYFLGDFALGLYSLADKLVTILRQLYTPIVQANFSQVCALYKKDMILEVSIKLRKIFLFFVALSLIAFVSNFFVGQYVLSVFFARGYGLEEIIQVNHLISIMIFTQFIISISLILVNLIIVPSGNSHYLKRVYALAFVLYLAIVYFMVKLIGVYGVALTITIIESFIIILFSLFVFKQKLVRLI
HGV2_398_03618	MANQEVSSRKVFTGFIWFIISKLFPALSGLIIFFVTSRAITAEDLGLITLSVSIITFIIYLSYNGFCDAIIQIKELKQKHINTVFFLNTISSSILFTISAVVIFMLTYFGVFPKRLNYIYTILGLKCLLDTFSLLPVALLARQMEFKAIGIRTLYSSIISALVALPVFYYFGSISALIVNYLTSSILGFIIAWISSPYPLIIKFDRESYKDLRHIGVTTTAAKLISSVSFDNIFIGFFGSGVTLGLYSFSKRVFGIFTDILSGGISSVTYPLYASLQDDKNKLKESFLKATFLSALVGIPAYTGLILLSPSLIPLFFGSQWNEAVPVLQISCLLGFITCIGSLQTSLIKGVGKSMWILKYQCAQQILTILIAILFSPQGPTVVMAMITIKTFLVWPFTIFYITKLLSISVFSYLRNLFKPFVSGAVLVCVFYLLKVLLGSINPYLFVVLEIFICAVFYILSILILARREIIIMLSGLKK
HGV2_400_04193	MSLKQKTIRSAKWSAISTIVVVLFGFLQITLLSRIIPPYQFGILTIIIAITLLAETLSDFGISNSIIQQKDIDDLQLSTLYWINVLFGIFVFISFYFAATRIAVWLGIVELKPLIQIIASAFLVIPHGQQYRALLQKELKFDIVGKVESLSYLLGFIVSIILAFYLKNAMCAVIGYLFNVISRTFLLILKGNCYPRPKLTLHFFSVKDNLRFGAYLTADSIVNYINSNMSTALITKLLGATATGGYNIAYNVAVNPPSKINPILTRVLFPAFSQIQNDLQKLRINFFKLLSIVGFLNFPALVGLCLVASDFVYVLFGQNWMFIVSAMQLLSLAGLLRAIGNPIGSLLMAKARVDLSFKFNVVKIFMFAPALYFGAKYAGVTGVAVGFLSVQTLNTILTYFVLIRPVLGKCYLEYISSILSPFLHVVPMIMVISFLNELLILDNKLLSLFIKILVGVLVYGITILVSKNTLLAEVKSAFLKRSK
HGV2_418_04516	MALVVVNFANIIRDLGVSSAIIQLKTLNQKLISSVFFLNLFFGFILLFSIFFFADDISCFFNESKLTDVLMLIAFSFPIASITSTHLSLMERESKFNSIAKVEIFSSITALILGVFVSYIGGGVYSLVTQTLAYSSLSAIGLFFYTRWIPSAYFSFAEVRGIFKFTSNLVLFNFVNYFSRNSDQIIIGRFFSSTILGQYSLAYRIMLFPIQNITFVLTRSLFPLLSRNQSNSQYSLSLYLHVLKTLAIVIPPLMVGIAVVSDDFVKVVLGEKWNGVAILILYLAPTAILQSFISTTGSVFMAQGRTNTLFQLSLFNAFLQVGAFILGATVSVVFIIKLYFIANLVIFFPNIYFAMRLLGGKWRDFLFISYKPLLSVLLMLVLLLFLKGYLNTITTFPSLRLAILVFLGGVSYIGFLSLLERKKPLEIIKDLKDM
HGV2_430_03980	MTLLKNAQWNMLSQFFKMLVQLINVIYLAKIIPPAEYGIMAMALVIINLGILLRDLGTSAAIIQKKSLSQDLVNTVFWLNSFMGLALAIIVAVSAPFVSSFYGQVKLFPVLILLSITFPLSSCAATHLALLERESRFKTISFIEVSSSIIAVIVAITMANMGFGVFSLVGQAIILNLMSAIQFWRASKWRPYFKQFINLDELRSIFGFSANLSLFNFINYFSRNTDSFIIGKFFSAAILGSYNLAYRLMLFPIQTLTFVANRSLYPILSRHQDDNSVISKNYFNCVFIILMLTTPLMSGLAFYSTPFIYLVFGSQWFLTAEILRWLAPTAIIQAVLSTTGAVFMAKAKTDVLMRLGFLGTFLQVSSFIIGVQYDIKIFAMCYFIANCLNFFPVMFCLFKIIDVSFIDFFKRISPIFVSSLLMVLFLYALSIIYPVNDIANLLVLVLFAVAGAFVYILALFLVSSDFRSYFIARVLKRH
HGV2_431_04053	MANQEVSSRKVFTGFIWFIISKLFPALSGLIIFFVTSRAITAEDLGLITLSVSIITFIIYLSYNGFCDAIIQIKELKQKHINTVFFLNTISSSILFTISAVVIFMLTYFGVFPKRLNYIYTILGLKCLLDTFSLLPVALLARQMEFKAIGIRTLYSSIISALVALPVFYYFGSISALIVNYLTSSILGFIIAWISSPYPLIIKFDRESYKDLRHIGVTTTAAKLISSVSFDNIFIGFFGSGVTLGLYSFSKRVFGIFTDILSGGISSVTYPLYASLQDDKNKLKESFLKATFLSALVGIPAYTGLILLSPSLIPLFFGSQWNEAVPVLQISCLLGFITCIGSLQTSLIKGVGKSMWILKYQCAQQILTILIAILFSPQGPTVVMAMITIKTFLVWPFTIFYITKLLSISVFSYLRNLFKPFVSGAVLVCVFYLLKVLLGSINPYLFVVLEIFICAVFYILSILILARREIIIMLSGLKK
HLF1_17_03624	MFNKRKTLKNLASLGFMQIINYALPIILMPYLIIKIGISNVGLIATITAITAYIQLFIDYGFNLSATRDIAKNGYDDYKASIISSSVFAIKSMISVFFLFSSIVVFLIHSVPEEYKSVFFLTFGIAVFQSMFPSWHFQAAEKMHFITGCNSIPKLIFTGMIFIVVNTPNDVWKVQACLFAGAFVSFATAIVVLRTKFNFKLEISFKDINKQLKDGYSIFVARIASGLYKNFNVLILGFFAGTAAVGAYSIAERILRSAQMVQNVIGDTLYPSFAKGFTGDPGFFKKSSQKYKWHIIVTYTAASLILFYLSDFIGHVIGRTSSVEVASCLKIMAPAFLFGGLNYVCAILGMTSCGYSKQFSLCVIATGIFNVVCSTVLSYLYSYHGTSLALTLSELFLLCLVLLFSKRIGVL
HLF1_40_04709	MPMMCFPNGNYMTGFIKKNHFIRNVTVVMTGTALAQLISVAISPLLTRIYGAESFGLMGIFVASVTVISTVAALRYDLAIVLPKDIKDSLALFYLGLAISFILCSVLLLLQFVNKPVMHLLGLDKIANLYYLIPIGVFFFALSSLCDSWLSRNKKFRMLSISTVIGTLASSIIMLLGWGFGASIVTLLLGSIFNNFAKVCYVFYFNSELISYNKIIRKDLLIRIKYNAQKYIDFVIYRTPQDLINSLSQNVPSLLLGYLFAPNIVGFFWLANRVLRLPSTLISEAVRKVLYQKLSEMNNDNKSIVVPAIKATIALIIIGIIPVAVIFLFGTQLFSLIFGTEWGIAGEYSRWISIWVFSLFINVPAIVIIPIIGKQKFLLQYMLIMLPVRLVPLWYAGTQTNNASIAIATFCIINALTNFVLIGYVFLQARSWEKLSIIGGGDDI
HLF1_54_04214	MKRFFLLIVRVFYSSISLIFTLLTAKLLTRDDYKQSVELIVALSIMAPIVSFGIGPLIVRKGKCSTQIAYRRALNGWCLGVLLSLILGLISYWLYPDIYIYIFMLLVLNNTSFIISECYRSQNDFFRALLFSNGSPSSGVISLGIISNFLFLVLCAIFFLLKIKITFSFLVWGTIFSILITVLYDFYKNFIRFRLRITNKWLYIYSKSGFNISLIYFLFSFISNSDILIISHLADQNIVYDYSLAFKLSASCLIIHTFFASMSQVEFVKNNFLINLAIKKLYFTSISVSLLVIIALNIVGVYVLHFFGVYPHNEHVFRWVILIKSLGAIFYIALGFNASFLLITNRFKNIIISCLVFVILFISVACLSYVCGVGGWHSILYSWLMSYLVYSLLLFLYFKRKGNYNG
HLF1_68_03897	MNNVALKEKTITSLIWNAIERFMVQGGQFVIKILIARQISPDDYGLVGIVAVFLVLSDVIINGGFSQALIQKKDRTSLDYSTVFYINIFVAILLYLALFFFSPLISDFYNDQRLTDIIRLISISIVIKSLSVVQLAKISIELNFKAKTIVNFWAVLISGFIAVYMAYNDWGVYALIYQTILYSIIVTVLMFFIAKWTPKLEFSMARAYSLFSFGSKIFLANLVGVISDNSYAILIGKLFSSKEVGFFTQGRNLPDLLSVNLFNILQGVLFPVMSSAQDDKERLLRIYKKSLNMTAFIVLPSMVGLVIIAEPFVRVFLTEKWLPSVFIIQWLALSRMIVPLGAINANLLNSIGRSDLYLKIDLIKLPLTILGLLISSPFGLQYMVISNFIVAIFYYFINAYYPGKIFNFGPISQLLNMFPIIVSTSVMFGATYFWSINNGLLDIIIKIVVGAIVYIISCFVLKVESVKEIWSYMLGKIKGKNRRSTCG
KP_HGE01_003_01089	MSGKKVAKNAFMLYIRMSIMLLVNLYMSRVVLNTLGVTDFGIYNVTGGVVLMFSFISNTMASASQRFFSYEIGKGNSEKLKGLFSATFIIYLSFAIIIFILAETIGYWFVSNHLNIPAERYDAAKFVYHASIFTFIFTIIRVPFTSFIIAKERMSFFAWSSIIEALLKLCLAFTIVYISFDKLELYALLMLFVSVVITFWYYIFCKLAFIETKLMLVKEKKIFSELTSYAGWNSFTSIANIMVDQGINITLNIFFGPVVNAARSISYQIKAQVTTFVGNVQMAANPHIIKLYAEGKYNEMENIVLLSSRVTYYFMFVVALPFLLETDIILKWWLINIPPHTVLFCQLVIVNILIETISGTVTSAIQATGKIRKYQTIVGCILLTSVPLAYMLLSFGLSPEITVILTCILSLICVAVRLLIYRELLKTRITIYFKKVIFSCMSVSIIASVIPILAKNYLLEGQGVVSFIFISMLCLICTITTIIIIGITNEERAFLFNKFLKILKKKG
KP_HGE01_004_02446	MERKVFSNSIWMMAEKVISILGLIFITSYVAKYVGPHVFGQIAFATSLFQITQVISQLGSDVIIFKRISKNVTSGIRLIYATTVLRFLIYLLSSIPVLLFTYYKGGEDSLFYLVACFLACLFSALDVYSIYYDATLQSKKNTMINVIGLIVSLILRWGIAIFLLDPRFLCIPIICSSLIPYLIRKFYFRNKLKIKIKRRKHRVIYTKYLFKTGVTFVVSTISVAIYIRLSMLCLGYMEGASTVGIYSVAATLATSWGFICQSFIKSTLPSIFSEKNIESAIVKSSALSMWVICISLPIILGIFIFGEWFINSFYGENYKNAFIPMMILSFSTIVSALGTICARFIAKLSGYLFLSKKMLVVAIVSLIMNVAMIKFYGIIGASIATITTELVSLTILNYFFQNGIVARIHKKMLINNIFLLRNK
KP_HGE01_005_00698	MEKKILSNSIWMMSEKVISIVGLIFVTSYVAKYVGPGIFGQIAFATSLFQITQVISQLGSDVIIFKRISRNVTSGIKLIYATTTIRFFIYLVTSIPVLLFTYYKGDSDGLIYLVACFLACLFSALDVYSIYYDATLQSKKNTIINAFGLIISLILRWGVAVFALSPEFLCIPIICSGLIPYIIRMCYFNGGLKVKIKRRKHKFLYTKYLFKTGITFVVSTISVAIYIRLSMLCLGYMDGASTVGVYSVAATLATSWGFICQSFIKSTLPSIFSEKEHHLAIMKSATLSVLVVCIASPILLGAFIFGEWFINIFYGEKYQAAFIPMMILSFSTVISALGTISARFIARMSGYGFLSKKMLVVAIVSLLFNVVLINYYGIIGASIATIVTEILSLTLLNYFFHKGIVFQIHKMIILKNLFLLKRK
KP_HGE01_014_04503	MANQEVSSRKVFTGFIWFIISKLFPALSGLIIFFVTSRAITAEDLGLITLSVSIITFIIYLSYNGFCDAIIQIKELKQKHINTVFFLNTISSSILFTISAVVIFMLTYFGVFPKRLNYIYTILGLKCLLDTFSLLPVALLARQMEFKAIGIRTLYSSIISALVALPVFYYFGSISALIVNYLTSSILGFIIAWISSPYPLIIKFDRESYKDLRHIGVTTTAAKLISSVSFDNIFIGFFGSGVTLGLYSFSKRVFGIFTDILSGGISSVTYPLYASLQDDKNKLKESFLKATFLSALVGIPAYTGLILLSPSLIPLFFGSQWNEAVPVLQISCLLGFITCIGSLQTSLIKGVGKSMWILKYQCAQQILTILIAILFSPQGPTVVMAMITIKTFLVWPFTIFYITKLLSISVFSYLRNLFKPFVSGAVLVCVFYLLKVLLGSINPYLFVVLEIFICAVFYILSILILARREIIIMLSGLKK
KP_HGE01_017_01484	MSKNKLIVKNTLYLAIRTLLSLFISFYTTRIVLHELGVSDYGLFSVIYGTVAFFVFIVSAMNDSVQRFISINLGADNYPAVSNTLKNSILIYFSGGVFFCLFLLLIRNYVVGHLLTIDLNSLSTAKEVYIIALFSIFISIIQTPFNALVLAHEKMSFYAYMAIFDSLSKLIVSFVLIVLPYNKLIIYSLLLLLSSFTSFCIYVLYCYKKFPLSFKGGVFSPKIIKDITMFSFWNTFGNFAYVCRTQGINIAINIFFATTVNAAYALSATILNAINSLTQSLVSAVRPQIFKSYAEMNEQRYLTLVTYCSKYTFSFLFLISCPVLICTKELLSLWLVNIPPYTIGFVRLVIIVALIDSFSSSIIAGVQAVGKIKVYQLTVSFFVFISLPFAYLFFKLGLPPFSAYIPLIITSLINLFLRAYFLARYTNFDFLIYFSRVVLPCISTAVITYAVSYYINTMLSPQGVLLTLLACSFYSLIFLFFALVFVVSKPEKKIILTTVISKYHAYRIRK
KP_HGE01_024_03894	MQNAKLSLYSIIWYFISNIFPALSAFFIFTFSSHSISTEQLGSITLCTTIIAILINVSAVGFADAIVNRHDIKKNEIDAIFTLILSLSILLYILSVLSLLFLENRGVSPLVTHIYPILGVKLLLDSISFVPLAILSRKMEFKKIAVRTILCSVLSVFISVPALISHNGFYAIIISLLTTSLVSFSVLWLSAGYKPTLSFSKQCLSDFYDFGINNCLTKIVNSFNFDNIFLGFFANLSTLGIYGFGKRVLSIFTDIISSAISNVSYPIYSTLNHDQSDKLKTIYLKTIYFSVLISMPIFMGLILISDDIIPLVFGEQWVSAVPTIKFFFVFGFLSCIGSLQLSLIKAKGNTGWILKYQLFQQVTTGILALVLAKYGPEYVIMAIVIKTYLTWPYTIFYISKLLDISAFRYFIVIVKPFPALIMMTVCFYLLKEEIYSVNLFLYLLVQIFCCGLVYFLVTFVLFKRDILSILHMLKSRGVESIK
KP_HGE01_025_04039	MMKSVTAIATLSLISRSLSELNFGEYVTLVSLGGVFLALTNIGAESLIPKIISKKDSGSEFYLLKLTATFLFCMIFLIICFTYYRNISWQYILIFSISFFCYFYSYSEYVANQKRLISLFSKISISIQSISLLLKGLYVYYGGDNIVFWLCIFSVEYLLTGLISYLLLKEPVTFKGIDKSKLQLMMKDVSFILLSSATIAAYMRIDTLMISYYLGSDAAGKYFAGSRLSEGVYFIGISVANIFYSQTLRDNIAEKKTVSRDIKKYILFLFVLGVAGTSFINLFSNMAINFLYGKEFSVSAKILSIHSISIAFVFIGGYLSRLYIGCGYAKKNFRRTFFSLIINVALVYYMIPHFGISGAAYAMVISQIFSSFIMFIIDKEFMSRLAKGKI
KP_HGE01_029_02810	MERKVFSNSIWMMAEKVISILGLIFITSYVAKYVGPHVFGQIAFATSLFQITQVISQLGSDVIIFKRISKNVTSGIRLIYATTVLRFLIYLLSSIPVLLFTYYKGGEDSLFYLVACFLACLFSALDVYSIYYDATLQSKKNTMINVIGLIVSLILRWGIAIFLLDPRFLCIPIICSSLIPYLIRKFYFRNKLKIKIKRRKHRVIYTKYLFKTGVTFVVSTISVAIYIRLSMLCLGYMEGASTVGIYSVAATLATSWGFICQSFIKSTLPSIFSEKNIESAIVKSSALSMWVICISLPIILGIFIFGEWFINSFYGENYKNAFIPMMILSFSTIVSALGTICARFIAKLSGYLFLSKKMLVVAIVSLIMNVAMIKFYGIIGASIATITTELVSLTILNYFFQNGIVARIHKKMLINNIFLLRNK
KP_HGE01_039_01698	MRINLRNKVLSNSIWMILEKVISIFGLIFVTSYVAKYIGPANFGKISYVASIFIIIQAICNFGSEYLLFRRVSQNPISGRRLIHSTAVMRHLLFFILSLGVLFYLQINSDHVTFIFGIATAVAYYFATIDVVAVYNNATLNSKINTICNVIGLVTSLLIRYVIVLYKLDILFLSLPIILVTLVPYLLRRYLYRKEHSRTHGFHKAKFRNKLRYSRYMFMAGIPLAISSVSVIIYARITQFVIMHFGGDAELGIFSVASQLATAWMFITTSIITSYYSKIYAESNKDKAALMVARLHGLIFMISVFVIFNIVLFGKWVVHILYGEAYETAYPIMLILCVNSLFSAMVPIVNKYIVYDSGYAYLSKKTVAVAVVTIPIAIFLTKLHGVEGAAFSTVVTEFLSLTIFNYFFKSAVVLKIQISSLKPSTYKIVSKYE
KP_HGE01_040_02025	MSLKEKTLNAVKWNLLSTIVTVSLGMVSLWALSHILDVEQYGVISAALIITNFINMLLDFGISNSIVRSQSVEKIELASLSFVNICMGVIAFILVFIFSGNIAGIFGGSENLRLQVEIISFGFVFIAFGLQPRALLTKDMAFDLLSRISIMVSITNFVIAISLAFIFHKSWCVAIAFLTSSIIGSLSTRFCAKNLMNYGKGFQFKSIKKHFRYGIQLVIDSLINQISINTYPVLMSRLISFAAIGGYNISYSISIALFERLNPVLSHALFPAFSKIGNDESKLQSSFLKVTVFSSMINFPMLIGMMLASTNVVSIFFDEKWAFIPPIVQILCIVGVLRSLETPVISVLLVKAQMYRNIYLGIGKLLIGIPLAWYLGTRFGVTGIVYGFLIIQVINTILGYFYLLKPSLGISGLTYLKTIMIPTVHVLPMVAGGLILNKMEPIDNQIAHLFILIVSCFALYIVTLFMSPSHTVREFRLTIINNFMSKAFKK
KP_HGE01_042_00034	MSGKKVAKNAFMLYIRMSIMLLVNLYMSRVVLNTLGVTDFGIYNVTGGVVLMFSFISNTMASASQRFFSYEIGKGNSEKLKGLFSATFIIYLSFAIIIFILAETIGYWFVSNHLNIPAERYDAAKFVYHASIFTFIFTIIRVPFTSFIIAKERMSFFAWSSIIEALLKLCLAFTIVYISFDKLELYALLMLFVSVVITFWYYIFCKLAFIETKLMLVKEKKIFSELTSYAGWNSFTSIANIMVDQGINITLNIFFGPVVNAARSISYQIKAQVTTFVGNVQMAANPHIIKLYAEGKYNEMENIVLLSSRVTYYFMFVVALPFLLETDIILKWWLINIPPHTVLFCQLVIVNILIETISGTVTSAIQATGKIRKYQTIVGCILLTSVPLAYMLLSFGLSPEITVILTCILSLICVAVRLLIYRELLKTRITIYFKKVIFSCMSVSIIASVIPILAKNYLLEGQGVFSFIFISMLCLICTITTIIIIGITNEERAFLFNKFLKILKKKG
KP_HGE01_044_02825	MSLKEKTLNAVKWNLLSTIVTVSLGMVSLWALSHILDVEQYGVISAALIITNFINMLLDFGISNSIVRSQSVEKIELASLSFVNICMGVIAFILVFIFSGNIAGIFGGSENLRLQVEIISFGFVFIAFGLQPRALLTKDMAFDLLSRISIMVSITNFVIAISLAFIFHKSWCVAIAFLTSSIIGSLSTRFCAKNLMNYGKGFQFKSIKKHFRYGIQLVIDSLINQISINTYPVLMSRLISFAAIGGYNISYSISIALFERLNPVLSHALFPAFSKIGNDESKLQSSFLKVTVFSSMINFPMLIGMMLASTNVVSIFFDEKWAFIPPIVQILCIVGVLRSLETPVISVLLVKAQMYRNIYLGIGKLLIGIPLAWYLGTRFGVTGIVYGFLIIQVINTILGYFYLLKPSLGISGLTYLKTIMIPTVHVLPMVAGGLILNKMEPIDNQIAHLFILIVSCFALYIVTLFMSPSHTVREFRLTIINNFMSKAFKK
KP_HGE01_045_02053	MSYNPKKETIYLYLVQISNMVVPLLVIPYLTSVFGVEYYGKLSYAQVVSLIALFFVDFGFNYSAAKEIGSNRESAAAVNKIYTNVQCIKTAIYFLVISVVFSLTLFLKQSEIDNDLLLIGALSAISSIVSPVWLFQGIGKLSLVAIPNLIVRLLSLVFIFTFVHDRSDIIMAAIIQLCSPFFAGLFVIVIVWRNNIAKFDRTLFSYSFSKTLVSESFHNFSASFLTLGFTYFNPLLIKYFLGDFALGLYSLADKLVTILRQLYTPIVQANFSQVCALYKKDMILEVSIKLRKIFLFFVALSLIAFVSNFFVGQYVLSVFFARGYGLEEIIQVNHLISIMIFTQFIISISLILVNLIIVPSGNSHYLKRVYALAFVLYLAIVYFMVKLIGVYGVALTITIIESFIIILFSLFVFKQKLVRLI
KP_HGUA02_051_03791	MRINLRNKVLSNSIWMILEKVISIFGLIFVTSYVAKYIGPANFGKISYVASIFIIIQAICNFGSEYLLFRRVSQNPISGRRLIHSTAVMRHLLFFILSLGVLFYLQINSDHVTFIFGIATAVAYYFATIDVVAVYNNATLNSKINTICNVIGLVTSLLIRYVIVLYKLDILFLSLPIILVTLVPYLLRRYLYRKEHSRTHGFHKAKFRNKLRYSRYMFMAGIPLAISSVSVIIYARITQFVIMHFGGDAELGIFSVASQLATAWMFITTSIITSYYSKIYAESNKDKAALMVARLHGLIFMISVFVIFNIVLFGKWVVHILYGEAYETAYPIMLILCVNSLFSAMVPIVNKYIVYDSGYAYLSKKTVAVAVVTIPIAIFLTKLHGVEGAAFSTVVTEFLSLTIFNYFFKSAVVLKIQISSLKPSTYKIVSKYE
KP_HGUA02_054_00041	MSKNKLIVKNTLYLAIRTLLSLFISFYTTRIVLHELGVSDYGLFSVIYGTVAFFVFIVSAMNDSVQRFISINLGADNYPAVSNTLKNSILIYFSGGVFFCLFLLLIRNYVVGHLLTIDLNSLSTAKEVYIIALFSIFISIIQTPFNALVLAHEKMSFYAYMAIFDSLSKLIVSFVLIVLPYNKLIIYSLLLLLSSFTSFCIYVLYCYKKFPLSFKGGVFSPKIIKDITMFSFWNTFGNFAYVCRTQGINIAINIFFATTVNAAYALSATILNAINSLTQSLVSAVRPQIFKSYAEMNEQRYLTLVTYCSKYTFSFLFLISCPVLICTKELLSLWLVNIPPYTIGFVRLVIIVALIDSFSSSIIAGVQAVGKIKVYQLTVSFFVFISLPFAYLFFKLGLPPFSAYIPLIITSLINLFLRAYFLARYTNFDFLIYFSRVVLPCISTAVITYAVSYYINTMLSPQGVLLTLLACSFYSLIFLFFALVFVVSKPEKKIILTTVISKYHAYRIRK
KP_HGUA02_055_04044	MIKKMFLPLFTGGLLGKFAGVFRELLMAWCFGTGPETSSFRITQTVLLSPINLFSSDIISGGLIPKYRALVDNDNVSAKSLFGAVLVINITLALVLTLFFLFFSTDITHFFLSEGENYFDVLHSFIYGAAFSVIPYVYSNICSSILVVHKELSPFSHRASIQAVFLSIGILLSFYLKDYNYFVYAFPLSYIFMSIWITFILVKINAIPKFDNVLITILNFFNSVKFLLLVPALYQIYWLVEKHIGSQISLTMISTYEYAKFYTETFISLISVPLGYAILASSHDETIKARKTILYYNFFVLFVSYVLFFLGWFFIKLVYQHGSFTSTDTSHVYEQLKILSLSLFFQANFYLNLKILSVKGRYSIIFLSVFLSVSSGMLSLFFLRDMLGVYIVAVSFFILNFVGSMTLMMIERNFERHMLFVFLGVCFLALYYFKGFH
KP_HGUA02_059_01376	MKQNQVKKNIVLLAIVQITNYAFPLITFPYLSRVLGPHGFGEIALAQSVIIYMTSFVDFGFNLTSTRKISIYNQENNQQKINEVYTDTIFSKSLLLLISALASLILVLSVKPLNNVSSLIIVGYISVIGSVLFPIWLFQGLQIMKGVVITTTTAKIISICLIFVLVHDQHDTFYAMFATSLGVGISGIISLWYVRKLGKVCFEKMDVSRAYKLTKEAYPIFLSFIGSSVYTTLNSFILSFFVPVAAIGIYSGADRIRSVSQSLLVPMQQAIYPHLAGELKNKDSYIKGMYKYGTIFFVVSLCISLFLAFLSPQIIHVLLGNKFDQSFRILLLLAPLPTIVSLAIVFGQWGLVNIGSGHVLSRIYLLSAFVHLLHVFIMCYFWGIYGAAISVMFTETLVTALIIIGFFREYKKWKLK
KP_HGUA02_064_04294	MKKSNELDNLQPDKKNLYSGVAWYFFSNLFPAFSSLLIFSLASRIITPGDLGAVTLAATITTILTSICAVGFGDALIQLKNVDKKHFNTVFFICLVSSLSIYFISSLIVEYYVIPTFNIVFKTVYPVIALKIVIDSCAIVPLSFLTRTMAFKSIAIRTMYCSIASIILCLPVLYFGGGVWAIVLSQLSTSVISYIILATSSKLKLRPIFNKSSFTELSRFGITTTFTKLVTSISIDNVIIGVYGSVTTLGIYAFSRRVFGSIADVLNNAIANVSYPLYASVQTKPSQLKNVFFKTTFFSTLLSLPAFTGLIIISPHLIPLVFGAQWLVAIPVIQVCCVIGFISCIGSLQMSLIKGLGNTAWILKYQIFQQITTALLVFLFAKDGALVLIVSIAIKTFIIWPYTVYYISRILGVTTFSYISNFIKPLTSVVLMYLGCYVIDRQLSAANELLNVLVLILSGVVIYCFFIFILARKEISESLTAIKTRKKQKVENYE
KP_HGUA02_066_03504	MIKKMFLPLFTGGLLGKFAGVFRELLMAWCFGTGPETSSFRITQTVLLSPINLFSSDIISGGLIPKYRALVDNDNVSAKSLFGAVLVINITLALVLTLFFLFFSTDITHFFLSEGENYFDVLHSFIYGAAFSVIPYVYSNICSSILVVHKELSPFSHRASIQAVFLSIGILLSFYLKDYNYFVYAFPLSYIFMSIWITFILVKINAIPKFDNVLITILNFFNSVKFLLLVPALYQIYWLVEKHIGSQISLTMISTYEYAKFYTETFISLISVPLGYAILASSHDETIKARKTILYYNFFVLFVSYVLFFLGWFFIKLVYQHGSFTSTDTSHVYEQLKILSLSLFFQANFYLNLKILSVKGRYSIIFLSVFLSVSSGMLSLFFLRDMLGVYIVAVSFFILNFVGSMTLMMIERNFERHMLFVFLGVCFLALYYFKGFH
KP_HGUA02_068_04702	MSTDKNKRIAKNTIMLYSRMIMIMIVSLYTSRILLQALGVKDLGIYSIIAGVIVLFGFIQNVTTLATQRFLSMGLGRNDYVWTNRAFNTSVVVHFGIAIIILVLGETIGLWFVNSHLSIPSDRVKDVAWIFHFSLLALSVQILQTPFIASIIACERMEVYAKIGVLDAFQRWFVVFLLGAFSFNDNLKAYAVLVLCGYLFIFLCYSLFCIMKFEICKMDVKVDKKILIEMFSFSGWTLLGSISVVALSQGIAILVNIFFGVVANASLGLSDQVLAAINRVTGNFQTAFNPQIIKSYAAGDLSYLKKLITQASKLSFGLVLLAVVPLFTDTHFILSIWLNTVPEYLVSLVKIVVLYVLIDCLSGPFVTVIYAVGKLKRYQITISCIILLNLFFAVVLVYSRLPLYVVVFARVSSTLLLLFYRMKIVSGVIDYDIRGYILNVLMKLFIVATVSFICAYWVDIFLPETYVGLLALTFLSSLFILILFYFFVLSKDEKNFCKHKGKKIYSKIFN
KP_HGUA02_071_03957	MRKLGFIYKYIDQFFFSLLNVGTIAFVSKYLSSELAAKYILINTYASFSLIVVVALVITPFWVHSANRNSDNFVFGSKFAINLSLLTGIIISAVYILKQNGNYHDVIQIILVSVSYPMYDFLRRTLYVENKEIISAITTVVLSMFIGVGYWLLYLQGATSYQPYVYLLAIGLIIASCALLISNLIIRKTDAKEGNIEDKNYYHKIKEYFVYGRWSAISMICFWLSTQGLFVFLYGKISDDELVVSRLCLSLTGIISIYFASIENKLMPDLRRAYVSNDINYIKTQWKMYWRNGLLISIPLSLSIYVIYIFYYGGNLKYSIPFILLALYQILTGVFKYYAYVLKSAQKHKETFYSNLFGVVFTYILAYSFIFTAQNVIALMVLANGILCSVAYYFFLKKDGVLNEK
KP_HGUA02_073_03623	MNKKALSNSIWMMSEKIISIFGLIFVTSYVAKYVGPSIYGEIMYATTIFQIAQVASQLGSDVVIFKRISKNHISGIKLINATLPIRVIIYLIIAVPTLLMMDLNNFGRGFYFSIACFIAGFFSSLDIFSTYFNALLKAKINTYVNIVSISIALLVRWLISFFKLDPVLLSFPIVLSSFLPFIFRCYIYRHNFNIRSSLSSHKKKYTVYLLKVGSTFVVATIAVSIYLRLSFISINYFYGKEMLGVFSVANNLGTAWIFICTSFINSYMPAIFKETNDTEVITKVVKLKYIIVFISLLIISFVAIIGHWFIDVFYGKHFIDAYIPMLIICFATMISSLSTITSRYIARYSGYLYLSKKSFALLFISAILNFCLVKYNGVNGAAIAIVITEIISLTISNYFFNKGMVLKLHKSIFMMPFLILFKTKGK
KP_HGUA02_074_01682	MSLKLKTIKSTKWSALSSLTIIVLGFLQMVILSRILEPFEFGVLSIMTVVFLFTDMLADCGLSNAIIQKKNITLDELSALYWVNIFLGVFLFVVTIILSYEISSWMRLDRLSFLIQLTALVFIIMPHGQQYRALMQKELEFDILSKIESFSYLTGFCLTVIIGIITKNASCAVFGYLLTVSMRTVILSFVGRKYYHPTWKRSKLREIKKQLLFSFYLTLDSILNYINSSITTPIVARVLGAIYVGGYNLSFNVAVNPPSKISPIITRVLFPALSKIQDDKERLRINFFKLLHVISYINFPALLGLCIIAKDFVYLVFGEKWLFIVPTLQLLCIAGAMRMVANPIGSLLMAKAKMELSVRFNFVKIIIFIPVLYFSTIWNGMVGAAIGFLICQAINALLSYFFLLKPVLGNCIVDYINSFFIPFVHTLPMILLLLVCDIYIDKISLTFFILKIVIGGGVYILTIFISPNKLLAEMKGLFRQLLLKR
KP_HGUA02_089_04242	MSKFFGTGEINGAYRIAQSGTLVPINFMISDSLNSAFIPLYKKYLLENTDKAETFKWCIFLLFVIMSSFLFIVLYLFSGFWVDVLAPGINESTRLISINLLKIMALCCPFYLCSALMNYVSMAHNDFKPMSMRNPVQNIGMLIGVFIAYYFEKVEFLAWGFTGSYIYFFMWSLVRKDSKKIIMLPAKFEYVEIKGVIGDFWSILKPLLLLPLLLQGNITLERALSSLVSLEAVSSLDYAKFVTETVVFFLSVPVAFAGLSAWVGLDTNIVKRKLEELYTILIVLGFSVSGFLFFYAEDIIKLLFQRGAFNQHSVEVTSDYLRGMCIGLWAQVIGYIFLKALSAQLKNKKVLFSMAIALFGNAIFNLLTYSTYGALGIGLGCSVYGILLLLSSAYFMGIHKILFYPFIKLLLGMMVYYILIYSFFSSSGLTGLVIVDLAFNGLVYLLFFFVWCMIFRDIRNKFVNVFISKKRGGNE
KP_HGUA02_092_02871	MKKNSIINAAWMMSEKIVTLFGLFFVTSFVAKYIGPFRFGQLALAIAIFQVIQVIAQLGCDNIIFKRVSEKVLSGLKLIYSTFLIRGGIYFILSFFVLLFFYNKSDVINYVFLISVCLACFFTSMDVFTIYNDATLNSKFNTLANVIGLLIGLILRYVIAFFEWPIYFLAIPIVLTTLIPFLIRLVYTPKVYVVKGKNKWRYNKYLFTTGIPLVISTVSMTLYSRINQFTLSYFDGSYELGIYSVALTLGTAWVFIGNALAISFLSKIYSEKDDLKAQDKTSGLLSFVFIILSVFPLFFYFFGKKVILLLYGEQYVNSYGIIIILCISTVITAMGFISNRYIVRLSGYKYLSKKTLLVLGLSIPISTTMVYFFGVYGAAYSVLIVEFLSLTIMNYFFNHGVILKVHRGAFNLKKIASLR
KP_HGUA02_099_04305	MTLLKNAQWNMLSQFFKMLVQLINVIYLAKIIPPAEYGIMAMALVIINLGILLRDLGTSAAIIQKKSLSQDLVNTVFWLNSFMGLALAIIVAVSAPFVSSFYGQVKLFPVLILLSITFPLSSCAATHLALLERESRFKTISFIEVSSSIIAVIVAITMANMGFGVFSLVGQAIILNLMSAIQFWRASKWRPYFKQFINLDELRSIFGFSANLSLFNFINYFSRNTDSFIIGKFFSAAILGSYNLAYRLMLFPIQTLTFVANRSLYPILSRHQDDNSVISKNYFNCVFIILMLTTPLMSGLAFYSTPFIYLVFGSQWFLTAEILRWLAPTAIIQAVLSTTGAVFMAKAKTDVLMRLGFLGTFLQVSSFIIGVQYDIKIFAMCYFIANCLNFFPVMFCLFKIIDVSFIDFFKRISPIFVSSLLMVLFLYALSIIYPVNDIANLLVLVLFAVAGAFVYILALFLVSSDFRSYFIARVLKRH
KP_HGUA03_108_00560	MSLLSSAKWNALSQFFKIFIQLVNMVYLATIIPPSEYGIMAMAAVVINLGVLLRDLGTASAIIQRKVLPAALVNSIFWLNVFLGIFLCLVVAGTSPLVAQLYDQIELKNVLFLLSITFPLSSCAAVHLALLERESKFKKISLIEVSSSLFSVVIAIIMANLGFGVYSLVAQSIIMNLSSAILFWKISGWRPNIPTKYMWVHLKDIFSFSANLSVFNIINYFSRNADSFIIGKFMSAFILGNYNLAYRIMLFPLASLTFVFGRSLYPILSRHQDDSDYTRKIYLDCVFYILMLSAPLMSGVAILSTPLINNIFGSQWTLTAGILVWLAPTAILQSVISTTGAVFSSKNRTGLLLIMGIIGSTLMVTAFLIGVHYDIFTFAKLYLIANVINFFPPVCISLWLLNSNLFQLIKTIFPIVISTLIMIIALNMALSIGMVNPKSVLELFFCSLFGAVVYFLTLSVFSKKIREIFLKKLRFKKVGI
KP_HGUA03_117_04150	MMKSVTAIATLSLISRSLSELNFGEYVTLVSLGGVFLALTNIGAESLIPKIISKKDSGSEFYLLKLTATFLFCMIFLIICFTYYRNISWQYILIFSISFFCYFYSYSEYVANQKRLISLFSKISISIQSISLLLKGLYVYYGGDNIVFWLCIFSVEYLLTGLISYLLLKEPVTFKGIDKSKLQLMMKDVSFILLSSATIAAYMRIDTLMISYYLGSDAAGKYFAGSRLSEGVYFIGISVANIFYSQTLRDNIAEKKTVSRDIKKYILFLFVLGVAGTSFINLFSNMAINFLYGKEFSVSAKILSIHSISIAFVFIGGYLSRLYIGCGYAKKNFRRTFFSLIINVALVYYMIPHFGISGAAYAMVISQIFSSFIMFIIDKEFMSRLAKGKI
KP_HGUA03_124_01570	MKNIKNFLHVLLLQGGNYLFPLVTIPIASRVFGPDLIGTFNYYTYIVSFYCMIVEFGFGYSGVRLLTRNPENKSKIFNEILTAKFLILFLVSLFALFYSYKFISQSDFILFGTCYLLVLSSLCNVNWFFQATGDFSLITKVSLFTKFISILLIVFFVKNKDDLLLYSLIVNIPMVLSSLFSLWYCRIKYKIRLNLPNLKDTLILIKSEMWIFLSKISSFLYTTMGVVFLGFLATSYDVGIYTSAQKIVMLFISAIITPLSFIVFPALSKRFGVSVEHGLNSFRKFMPLLCMCCFGSFLFIFFFGGKVILIMMGAQFKDSINVLNVLSFGYVFVFWGAVIGGQIVLNLKYDKQFVQMQWFVAFLSFIFNVLFLKKYGAMGLAYIWTISEFIMTFMQCVFIKYKGIRIIDWEQFKIKNMITNFKDLLRH
KP_HGUA03_147_04512	MGILSNTKWVAVSQLFKIGVQLLNIVVLARLIPPSEYGLMAMALVVTNFATLVRDLGTSAAIIQRKDLSNQTINAIFWLNVSMGVGIGVIIVILSPLISFLFHQEKLITVLCLLAISFPLASSSSSHLALLERDSKFRSIAFIEITSSATAVILAITLAYMNWGVYSLVIQAITLACMSTFQLWYKSKWRPNVRKIFDFDEIKGLLGFSGNLTLFNFINYFSRNADSMIIGHYMSSAILGAYSLAYRVMLFPIQNLTFVITRALFPVFSTYQEDNVKLKETYLNTLYYILMLVLPLMIGLMALNEPFVKLVFGDKWNETAFILSWLAPTGIIQAVLSTSGTIFMAKAKTNMLMKLGIIGAILQVGAFIIGAHFNIITFAKLYFFANVINFFPVMLSVMYCINGNLIDLFKKIYPLLICAIALFYIITLLILRVSYFTNINSLSKLFIVSIFSAVVYIIMVFAVNPKLCLSIIRKYNGNH
Kpcas024_04637	MNLLSNAKWNAFSQFFKICVQLVNVIYLAKIIPPSEYGLMAMALVIINLGMLLRDLGTSSAIIRQKELTNDLINTVFWVNVLMGCIFALLVILGSPVISEIYKQPRLIEVLISMSIIFPLSSSASAHLALLQRESKFKVISFIEIFSSTVSVILALITAKMGFGVYSLVIQAVSLNLISAIQFWICSKWHPSFSKIIVYHELKKIFGFSANVSLFNIINYFARNADSFIIGRYMSIVVLGSYNLAYRIMLFPLQSLTFVATRSLYPVLSHHQDDNKKIASIYLNCTFFVLFLSAPLMSGIAVLSVPFVNWVFGPQWHITANILTWLAPIGIMQSVLSTTGSVFMAKNKTRTLLYLGIFGTLLQLTSFIIGAKLDIVSFVKLYFIANVINFFPAMYFVFKILDSSIVVFLKKILPIILSTLLMVSAIYIYLQSLVARSDVFIVLTSTCIGVVVYFLASFFSSSDIRELIIKKISKKQHQSF
Kpcas027_01575	MSKNKLIVKNTIFLTIRTLFSLLVAFYTTRVVLHQLGVSDYGLFSVIYGTVAFFVFIVSAMNDSVQRFISINLGGNNHAAVSNILKNSILIYFLGGMFFCLVLIAIRGYVVENVLTIDVNSLPTAKTIYIIALLSIFVSIIQTPFNALVLAHEKMSFYAYMTIFDSLSKLIVAFILVVLPYNKLVIYSLLLLFSSLISFTIYIVYCYKNFPQSFKGGKFSKKILTDITMFSFWNTFGNFAYVCRTQGINIAINIFFATTVNAAYALSSTILNAINSLTQSLVSAIRPQIFKSYSEMNEERYLTLVTSGSKYTFSFLFLISCPVLICTKELLSLWLVNIPPYTIGFVRFVIIVALIDSFSSSIIAGVQAVGKIKIYQLTVSFFVFISLPFAYLFFKLGFSPFSAYIPLIITSLINLFLRSYFLARYTKFDFIAYFYGIVLPCIFTASAAYSISYYINTLLSPEGIMLTLLSCSFYSFIYLIFAFVFVLSNLEKKIILSAVISKYNAFSMKK
Kpcas039_01417	MSLKEKTLNAVKWNLLSTIVTVSLGMVSLWALSHILDVEQYGVISAALIITNFINMLLDFGISNSIVRSQSVEKIELASLSFVNICMGVIAFILVFIFSGNIAGIFGGSENLRLQVEIISFGFVFIAFGLQPRALLTKDMAFDLLSRISIMVSITNFVIAISLAFIFHKSWCVAIAFLTSSIIGSLSTRFCAKNLMNYGKGFQFKSIKKHFRYGIQLVIDSLINQISINTYPVLMSRLISFAAIGGYNISYSISIALFERLNPVLSHALFPAFSKIGNDESKLQSSFLKVTVFSSMINFPMLIGMMLASTNVVSIFFDEKWAFIPPIVQILCIVGVLRSLETPVISVLLVKAQMYRNIYLGIGKLLIGIPLAWYLGTRFGVTGIVYGFLIIQVINTILGYFYLLKPSLGISGLTYLKTIMIPTVHVLPMVAGGLFLNKMEPIDNQIAHLFILIVSCFALYIVTLFMSPSHTVREFRLTIINNFMSKAFKK
Kpcas042_01830	MAEKIISIFGLIFVTSFVAKYVGPSIYGDIALSLSIFQLIQIVSLMGSDVIIFKRISKNINSGVSLIKATGRIRLLIYLILSAPVLIYFFSSSGYIYILASFLSCMFLSLDVYAIYYDACLRSKVNTIINIFGLIFSLGIRWAIAFFKYPAEWLFVPIVLTSFVPFLCRFIFFQLYEGAVKLTKKKKGLYTKHLLSSGSAFVLTSISVALYTRMSIFLLGYLQGKDVVGIFSIAATLATSWSFILYAFITSSLPSIFSEKDKLLAEKKTANLNVLIIMMSFGVIFLAIILAKKFILYFYGVEYTDAFYPLVILCFSTMLSALGAIAARYIAYFSGYSFLSKKTLVVTMLSVILNYLFIYKWGMLGAAVSTLLVELFSLTILNYFFARGVVYKLHKRTVVYGIKFKFK
Kpcas054_00091	MSLKEKTLNAVKWNLLSTIVTVSLGMVSLWALSHILDVEQYGVISAALIITNFINMLLDFGISNSIVRSQSVEKIELASLSFVNICMGVIAFILVFIFSGNIAGIFGGSENLRLQVEIISFGFVFIAFGLQPRALLTKDMAFDLLSRISIMVSITNFVIAISLAFIFHKSWCVAIAFLTSSIIGSLSTRFCAKNLMNYGKGFQFKSIKKHFRYGIQLVIDSLINQISINTYPVLMSRLISFAAIGGYNISYSISIALFERLNPVLSHALFPAFSKIGNDESKLQSSFLKVTVFSSMINFPMLIGMMLASTNVVSIFFDEKWAFIPPIVQILCIVGVLRSLETPVISVLLVKAQMYRNIYLGIGKLLIGIPLAWYLGTRFGVTGIVYGFLIIQVINTILGYFYLLKPSLGISGLTYLKTIMIPTVHVLPMVAGGLFLNKMEPIDNQIAHLFILIVSCFALYIVTLFMSPSHTVREFRLTIINNFMSKAFKK
Kpcas083_04501	MSLFNNAKWVAISQVVKVLVQLINIVYLARLIPPGEYGIMAMALVIINFGMLIRDLGTAAAIIQRKKIDDDIINSIFWLNLFMGIGIALSVIAFSPLVSSFFHEPKLILVLLCISIIFPLSSSSSAHLALLERESKFKKIASIEIFSSVIGVGVALFLAYKNFGVYSLVWQTVIFNALSTIQFWKASGWRPCLKKMFVFSGLKEIFGFSAHLSIFNLINYFSRNADSLIIGRYMAPPILGAYSLAYRIMLFPLASLTFVAARSLFPILSKNQDDHVQLKKTYLDCVYAILFLVIPLMSGLAFLSKPFVILIFGKQWMLTADILLWLAPTAIIQSVLSTTGTVFMAKGRTDILMKLGILGMILYMSAFIAGVQFNIITFAKFYFIANVINFLPAMFLLMKIINGTLLEFFKRILPIVCVGFLMIVVMYVTNRPLKLLLNEDSFVYLIAMSIVGAFTYVLISLFFLKDVKEFVLNKLPFTG
Kpcas111_04693	MNKENAQRRPSVMTGAIWSVLDNMAGQAITFVIFIILAKMLTPDIYGMLSVSLLVTQFFKMTIFDSIATSIVRKSNPSNIDYNSAFFLCFVISIPSFTVVYFISPIIEQYMHIEGLTTVIRCTAVIIILSGASRIHEAWLSHNMLFKSLALRSILSITVGGCVGLYLAYQGYAVMSLVAQQIVTASISLVILWWKTPWKPEFKISKKSFKESFDFSKHVALSNFTNFSNQNSDVFFITYFLGPAAAGIYSAGKRIVNTLNLVLSSALMRVSLPAFSRFKDDIDVLSKKYIKMSYFTVVITAPAFIGLAVLAKDITILLLGDKWIASVEIMQIVSAVGFVTSIGYYNHSIMFARDRPDRQARLTMLYAISNIIVFFIFVRYGLIATALAFSIRTIALYPLSVWCACDLLNIKLRMYVKELALPVICALLMGGIMVWLNDNYFQIVGWGTLILKIIIGFVIYLSFTLLLSPKSKKQEVLNLFKSIGSRKGM
Moliner_02_04632	MSLKQKTIRSAKWSAISTIVVVLFGFLQITLLSRIIPPYQFGILTIIIAITLLAETLSDFGISNSIIQQKDIDDLQLSTLYWINVLFGIFVFISFYFAATRIAVWLGIVELKPLIQIIASAFLVIPHGQQYRALLQKELKFDIVGKVESLSYLLGFIVSIILAFYLKNAMCAVIGYLFNVISRTFLLILKGNCYPRPKLTLHFFSVKDNLRFGAYLTADSIVNYINSNMSTALITKLLGATATGGYNIAYNVAVNPPSKINPILTRVLFPAFSQIQNDLQKLRINFFKLLSIVGFLNFPALVGLCLVASDFVYVLFGQNWMFIVSAMQLLSLAGLLRAIGNPIGSLLMAKARVDLSFKFNVVKIFMFAPALYFGAKYAGVTGVAVGFLSVQTLNTILTYFVLIRPVLGKCYLEYISSILSPFLHVVPMIMVISFLNELLILDNKLLSLFIKILVGVLVYGITILVSKNTLLAEVKSAFLKRSK
Moliner_03_01723	MQKKNIVNAFWIMSEKIISIFGLFFVTSFVAKYIGPYRFGQIALSIAIFQVVQVISQMGCDNILFKRASKKKTSAISLIASTFHLRTFLYFVLSFFILCYFSITGDAISLIFVASVCLAYYILTIDVYSIYNDAILNSKMNTYANILGLIVGLSVRYIIAYFKMPIFYLAIPIVLTTFIPFTIRLLCAPKAKKICWKDKIKYNKYILQTGISLVISTVSMTIYSRINQFSVSFIEGSYDLGVYSVALTLGTAWGFVGNAVAISFLSKIYAETDDHKAMEITAGLSLGIIFLLIMFPCVFIFIGPWVIQILYGNDYSAAYPVAVILCFSTIISTLGFVSNRFIVRFSGYNYLSKKTMVILFISIPLSSLFTYCWGIVGSAYSVITIELMSLTVFNYFYNKRVVLKMHKKMLNIKNLKYILR
Moliner_08_04620	MSLKQKTIRSAKWSAISTIVVVLFGFLQITLLSRIIPPYQFGILTIIIAITLLAETLSDFGISNSIIQQKDIDDLQLSTLYWINVLFGIFVFISFYFAATRIAVWLGIVELKPLIQIIASAFLVIPHGQQYRALLQKELKFDIVGKVESLSYLLGFIVSIILAFYLKNAMCAVIGYLFNVISRTFLLILKGNCYPRPKLTLHFFSVKDNLRFGAYLTADSIVNYINSNMSTALITKLLGATATGGYNIAYNVAVNPPSKINPILTRVLFPAFSQIQNDLQKLRINFFKLLSIVGFLNFPALVGLCLVASDFVYVLFGQNWMFIVSAMQLLSLAGLLRAIGNPIGSLLMAKARVDLSFKFNVVKIFMFAPALYFGAKYAGVTGVAVGFLSVQTLNTILTYFVLIRPVLGKCYLEYISSILSPFLHVVPMIMVISFLNELLILDNKLLSLFIKILVGVLVYGITILVSKNTLLAEVKSAFLKRSK
NTUH_03292	MNKRILSMLLSQGFGLAINVIEKLLIVPLFIHSWGLAKFGEWILIRTIPNLLLTTDVGIASHAGNAISVAIIKKEYNAAAHVIKLSVFLIFLLLSIILVFGIGQFFFDLRSFLGIADSDVNLITYSVLFMSLHAGMILCSQILCSLGRATERYHIYNALAQFTRFLEIAFVCIVLITGGDIVEASIAYLLARLIVITIMISLLIKQLKFIKIEIFNAKVSLGQFFTFIKQSIPYAGIPFSQAVFLQGSSVIISSFYGPAVLAFVTVIRNTSRFMVMFSSLLGKSIWAELSRLWAEEKYKEFNRVFLKFNVVNFAILFMASVILVFGYDYFCQWFQLKDVATKQDYILYLVVSLHSLLIAISYYNSVSLLSTERHQKYAKIIMLNAILTTALFWLLSVLTDSLTWAYVLAFCITEMVIALWLLLISLNKNYLREREI
sampleK3_01625	MSKNKTLSGGVAWFFISNLFPAISALLIFSLASRLISPSELGTVALATTIATVLTSLCAVGFGDALIQCKEITKIHLNTVFTVCICVSLFVYVMSVTLIETINLDAFTHLFRVVYPLTAFKIILDSCAIVPLSYLTRTMEFKSIALRTMYCSLASFILCIPILYYGGGVWAIVASQLTTSAVSFLILIKAANLKLRVGFHRKEFNELKKFGLTSTITKLITSISVDNLMIGFYGNAITLGLYAFSRRIFGVISDVLNNAIANVSYPLYASKQDNLNELKIIFLKTTFLSALISLPAFCGLILISPYLIPMVFGNQWEPAISVVQVCSAIGFISCIGALQMSLIKGLGHTSWILKYQIAQQVSTAILVLIFAKDGAYIVMLAIAIKTFSIWPFSMRYVSKILGVGIVDYMRNFVKPILAVSAMITVCVIIECITKDYGSLVILLSVILGGVISYILSAFLLARKETFDFIKAIKKR
sampleK4_04604	MGAAALSVGDILGKVIGFIILPYLTAHLGASGYGALTLYLSVIQILIIFISFSGQGLLPVKYMQEGEGSSLVFRRDNIALAFASSALLVAIFYIVTLVTKISVSFSDGFLVVLASLAQALNFINLSHLRISQTYKVAAIGQFLLSAFNVLFTIALFEMIASTPGQRLIAIAASFFSIQLAYEFFVYRKIAVERSVLQPLRKRYKEIISYGVSLLPHHGSYWIKSSVDRFFIAHYMSTAVVGVYGLAFQLTSIVMLFFGVINQAFQPFIYRKLKANDFRGVELIQYGYTALVIVSCIIYFFILPFAFPYLFNAEFNRAIYYFNIFLPGTAFLSIYYIFTHSLFYYRKNKLISIITMGSMITHLIGIFVITMTEIKVEYFCLVYAISSFYACAVTFYCGKRKISIERKR
